condition,moderator,moderator_level,outcome,mean
control,gender,Female,trust_multidimensional,66.248
control,gender,Female,trust_post,64.428
control,gender,Female,distrust_post,33.096
control,gender,Female,funding_perceptions,58.836
control,gender,Female,policy_role_mean,58.173
control,gender,Female,inst_trust_mean,56.376
control,gender,Female,belief_post,65.176
control,gender,Female,concern_mean,60.368
control,gender,Female,policy_general,64.942
control,gender,Female,policy_specific_mean,65.11
control,gender,Female,behavior_mean,44.561
control,gender,Female,donation_ams,1.942
control,gender,Female,newsletter_signup,0.103
Consensus,gender,Female,trust_multidimensional,67.676
Consensus,gender,Female,trust_post,66.124
Consensus,gender,Female,distrust_post,31.96
Consensus,gender,Female,funding_perceptions,59.625
Consensus,gender,Female,policy_role_mean,59.026
Consensus,gender,Female,inst_trust_mean,56.961
Consensus,gender,Female,belief_post,66.947
Consensus,gender,Female,concern_mean,61.076
Consensus,gender,Female,policy_general,65.61
Consensus,gender,Female,policy_specific_mean,65.565
Consensus,gender,Female,behavior_mean,44.923
Consensus,gender,Female,donation_ams,1.982
Consensus,gender,Female,newsletter_signup,0.107
Corporate reliance,gender,Female,trust_multidimensional,67.592
Corporate reliance,gender,Female,trust_post,65.972
Corporate reliance,gender,Female,distrust_post,32.041
Corporate reliance,gender,Female,funding_perceptions,59.517
Corporate reliance,gender,Female,policy_role_mean,58.985
Corporate reliance,gender,Female,inst_trust_mean,56.875
Corporate reliance,gender,Female,belief_post,65.739
Corporate reliance,gender,Female,concern_mean,60.798
Corporate reliance,gender,Female,policy_general,65.412
Corporate reliance,gender,Female,policy_specific_mean,65.482
Corporate reliance,gender,Female,behavior_mean,44.856
Corporate reliance,gender,Female,donation_ams,1.98
Corporate reliance,gender,Female,newsletter_signup,0.107
Extreme weather predictions,gender,Female,trust_multidimensional,67.502
Extreme weather predictions,gender,Female,trust_post,65.819
Extreme weather predictions,gender,Female,distrust_post,32.152
Extreme weather predictions,gender,Female,funding_perceptions,59.576
Extreme weather predictions,gender,Female,policy_role_mean,58.989
Extreme weather predictions,gender,Female,inst_trust_mean,57.006
Extreme weather predictions,gender,Female,belief_post,65.725
Extreme weather predictions,gender,Female,concern_mean,60.901
Extreme weather predictions,gender,Female,policy_general,65.399
Extreme weather predictions,gender,Female,policy_specific_mean,65.458
Extreme weather predictions,gender,Female,behavior_mean,44.847
Extreme weather predictions,gender,Female,donation_ams,1.976
Extreme weather predictions,gender,Female,newsletter_signup,0.107
Former skeptics,gender,Female,trust_multidimensional,67.682
Former skeptics,gender,Female,trust_post,66.084
Former skeptics,gender,Female,distrust_post,31.895
Former skeptics,gender,Female,funding_perceptions,59.605
Former skeptics,gender,Female,policy_role_mean,59.123
Former skeptics,gender,Female,inst_trust_mean,56.962
Former skeptics,gender,Female,belief_post,66.141
Former skeptics,gender,Female,concern_mean,61.0
Former skeptics,gender,Female,policy_general,65.554
Former skeptics,gender,Female,policy_specific_mean,65.583
Former skeptics,gender,Female,behavior_mean,44.91
Former skeptics,gender,Female,donation_ams,1.987
Former skeptics,gender,Female,newsletter_signup,0.107
Funding,gender,Female,trust_multidimensional,67.406
Funding,gender,Female,trust_post,65.722
Funding,gender,Female,distrust_post,32.147
Funding,gender,Female,funding_perceptions,60.049
Funding,gender,Female,policy_role_mean,58.311
Funding,gender,Female,inst_trust_mean,56.913
Funding,gender,Female,belief_post,65.645
Funding,gender,Female,concern_mean,60.725
Funding,gender,Female,policy_general,65.331
Funding,gender,Female,policy_specific_mean,65.383
Funding,gender,Female,behavior_mean,44.805
Funding,gender,Female,donation_ams,1.975
Funding,gender,Female,newsletter_signup,0.107
High public trust,gender,Female,trust_multidimensional,67.658
High public trust,gender,Female,trust_post,66.256
High public trust,gender,Female,distrust_post,31.899
High public trust,gender,Female,funding_perceptions,59.498
High public trust,gender,Female,policy_role_mean,58.872
High public trust,gender,Female,inst_trust_mean,56.908
High public trust,gender,Female,belief_post,65.738
High public trust,gender,Female,concern_mean,60.775
High public trust,gender,Female,policy_general,65.383
High public trust,gender,Female,policy_specific_mean,65.425
High public trust,gender,Female,behavior_mean,44.831
High public trust,gender,Female,donation_ams,1.978
High public trust,gender,Female,newsletter_signup,0.107
Interview Prof. Maraun,gender,Female,trust_multidimensional,67.718
Interview Prof. Maraun,gender,Female,trust_post,65.933
Interview Prof. Maraun,gender,Female,distrust_post,32.037
Interview Prof. Maraun,gender,Female,funding_perceptions,59.479
Interview Prof. Maraun,gender,Female,policy_role_mean,58.973
Interview Prof. Maraun,gender,Female,inst_trust_mean,56.907
Interview Prof. Maraun,gender,Female,belief_post,65.734
Interview Prof. Maraun,gender,Female,concern_mean,60.777
Interview Prof. Maraun,gender,Female,policy_general,65.336
Interview Prof. Maraun,gender,Female,policy_specific_mean,65.405
Interview Prof. Maraun,gender,Female,behavior_mean,44.839
Interview Prof. Maraun,gender,Female,donation_ams,1.978
Interview Prof. Maraun,gender,Female,newsletter_signup,0.107
Interview Prof. Sebille,gender,Female,trust_multidimensional,67.62
Interview Prof. Sebille,gender,Female,trust_post,65.875
Interview Prof. Sebille,gender,Female,distrust_post,32.107
Interview Prof. Sebille,gender,Female,funding_perceptions,59.515
Interview Prof. Sebille,gender,Female,policy_role_mean,58.995
Interview Prof. Sebille,gender,Female,inst_trust_mean,56.857
Interview Prof. Sebille,gender,Female,belief_post,65.828
Interview Prof. Sebille,gender,Female,concern_mean,61.032
Interview Prof. Sebille,gender,Female,policy_general,65.495
Interview Prof. Sebille,gender,Female,policy_specific_mean,65.515
Interview Prof. Sebille,gender,Female,behavior_mean,44.901
Interview Prof. Sebille,gender,Female,donation_ams,1.982
Interview Prof. Sebille,gender,Female,newsletter_signup,0.107
Measurement & modeling (1),gender,Female,trust_multidimensional,67.449
Measurement & modeling (1),gender,Female,trust_post,65.733
Measurement & modeling (1),gender,Female,distrust_post,32.207
Measurement & modeling (1),gender,Female,funding_perceptions,59.444
Measurement & modeling (1),gender,Female,policy_role_mean,58.869
Measurement & modeling (1),gender,Female,inst_trust_mean,56.858
Measurement & modeling (1),gender,Female,belief_post,65.826
Measurement & modeling (1),gender,Female,concern_mean,60.805
Measurement & modeling (1),gender,Female,policy_general,65.344
Measurement & modeling (1),gender,Female,policy_specific_mean,65.396
Measurement & modeling (1),gender,Female,behavior_mean,44.819
Measurement & modeling (1),gender,Female,donation_ams,1.978
Measurement & modeling (1),gender,Female,newsletter_signup,0.107
Measurement & modeling (2),gender,Female,trust_multidimensional,67.391
Measurement & modeling (2),gender,Female,trust_post,65.647
Measurement & modeling (2),gender,Female,distrust_post,32.262
Measurement & modeling (2),gender,Female,funding_perceptions,59.432
Measurement & modeling (2),gender,Female,policy_role_mean,58.87
Measurement & modeling (2),gender,Female,inst_trust_mean,56.822
Measurement & modeling (2),gender,Female,belief_post,65.686
Measurement & modeling (2),gender,Female,concern_mean,60.72
Measurement & modeling (2),gender,Female,policy_general,65.33
Measurement & modeling (2),gender,Female,policy_specific_mean,65.402
Measurement & modeling (2),gender,Female,behavior_mean,44.828
Measurement & modeling (2),gender,Female,donation_ams,1.976
Measurement & modeling (2),gender,Female,newsletter_signup,0.107
Model accuracy,gender,Female,trust_multidimensional,67.557
Model accuracy,gender,Female,trust_post,65.926
Model accuracy,gender,Female,distrust_post,32.059
Model accuracy,gender,Female,funding_perceptions,59.555
Model accuracy,gender,Female,policy_role_mean,58.907
Model accuracy,gender,Female,inst_trust_mean,56.879
Model accuracy,gender,Female,belief_post,66.114
Model accuracy,gender,Female,concern_mean,60.859
Model accuracy,gender,Female,policy_general,65.437
Model accuracy,gender,Female,policy_specific_mean,65.451
Model accuracy,gender,Female,behavior_mean,44.851
Model accuracy,gender,Female,donation_ams,1.98
Model accuracy,gender,Female,newsletter_signup,0.107
Oil industry misinformation,gender,Female,trust_multidimensional,67.673
Oil industry misinformation,gender,Female,trust_post,66.062
Oil industry misinformation,gender,Female,distrust_post,31.847
Oil industry misinformation,gender,Female,funding_perceptions,59.711
Oil industry misinformation,gender,Female,policy_role_mean,59.054
Oil industry misinformation,gender,Female,inst_trust_mean,56.901
Oil industry misinformation,gender,Female,belief_post,66.139
Oil industry misinformation,gender,Female,concern_mean,61.094
Oil industry misinformation,gender,Female,policy_general,65.623
Oil industry misinformation,gender,Female,policy_specific_mean,65.617
Oil industry misinformation,gender,Female,behavior_mean,44.944
Oil industry misinformation,gender,Female,donation_ams,1.983
Oil industry misinformation,gender,Female,newsletter_signup,0.107
Peer-review,gender,Female,trust_multidimensional,67.543
Peer-review,gender,Female,trust_post,65.877
Peer-review,gender,Female,distrust_post,32.095
Peer-review,gender,Female,funding_perceptions,59.469
Peer-review,gender,Female,policy_role_mean,58.901
Peer-review,gender,Female,inst_trust_mean,56.843
Peer-review,gender,Female,belief_post,65.783
Peer-review,gender,Female,concern_mean,60.776
Peer-review,gender,Female,policy_general,65.386
Peer-review,gender,Female,policy_specific_mean,65.436
Peer-review,gender,Female,behavior_mean,44.809
Peer-review,gender,Female,donation_ams,1.98
Peer-review,gender,Female,newsletter_signup,0.107
Portrait Prof. Cherry,gender,Female,trust_multidimensional,67.487
Portrait Prof. Cherry,gender,Female,trust_post,65.74
Portrait Prof. Cherry,gender,Female,distrust_post,32.182
Portrait Prof. Cherry,gender,Female,funding_perceptions,59.429
Portrait Prof. Cherry,gender,Female,policy_role_mean,59.015
Portrait Prof. Cherry,gender,Female,inst_trust_mean,56.843
Portrait Prof. Cherry,gender,Female,belief_post,65.659
Portrait Prof. Cherry,gender,Female,concern_mean,60.786
Portrait Prof. Cherry,gender,Female,policy_general,65.382
Portrait Prof. Cherry,gender,Female,policy_specific_mean,65.473
Portrait Prof. Cherry,gender,Female,behavior_mean,44.854
Portrait Prof. Cherry,gender,Female,donation_ams,1.982
Portrait Prof. Cherry,gender,Female,newsletter_signup,0.107
Scientist community helpers,gender,Female,trust_multidimensional,67.898
Scientist community helpers,gender,Female,trust_post,66.172
Scientist community helpers,gender,Female,distrust_post,31.912
Scientist community helpers,gender,Female,funding_perceptions,59.619
Scientist community helpers,gender,Female,policy_role_mean,59.188
Scientist community helpers,gender,Female,inst_trust_mean,56.96
Scientist community helpers,gender,Female,belief_post,65.781
Scientist community helpers,gender,Female,concern_mean,60.862
Scientist community helpers,gender,Female,policy_general,65.46
Scientist community helpers,gender,Female,policy_specific_mean,65.549
Scientist community helpers,gender,Female,behavior_mean,44.907
Scientist community helpers,gender,Female,donation_ams,1.983
Scientist community helpers,gender,Female,newsletter_signup,0.107
Social justice,gender,Female,trust_multidimensional,67.217
Social justice,gender,Female,trust_post,65.561
Social justice,gender,Female,distrust_post,32.283
Social justice,gender,Female,funding_perceptions,59.632
Social justice,gender,Female,policy_role_mean,59.089
Social justice,gender,Female,inst_trust_mean,56.835
Social justice,gender,Female,belief_post,65.765
Social justice,gender,Female,concern_mean,61.069
Social justice,gender,Female,policy_general,65.671
Social justice,gender,Female,policy_specific_mean,65.674
Social justice,gender,Female,behavior_mean,44.965
Social justice,gender,Female,donation_ams,1.979
Social justice,gender,Female,newsletter_signup,0.107
control,gender,Male,trust_multidimensional,64.92
control,gender,Male,trust_post,62.569
control,gender,Male,distrust_post,34.826
control,gender,Male,funding_perceptions,57.356
control,gender,Male,policy_role_mean,57.279
control,gender,Male,inst_trust_mean,55.527
control,gender,Male,belief_post,63.031
control,gender,Male,concern_mean,53.573
control,gender,Male,policy_general,63.252
control,gender,Male,policy_specific_mean,64.005
control,gender,Male,behavior_mean,43.697
control,gender,Male,donation_ams,1.969
control,gender,Male,newsletter_signup,0.1
Consensus,gender,Male,trust_multidimensional,66.416
Consensus,gender,Male,trust_post,64.346
Consensus,gender,Male,distrust_post,33.641
Consensus,gender,Male,funding_perceptions,58.176
Consensus,gender,Male,policy_role_mean,58.154
Consensus,gender,Male,inst_trust_mean,56.128
Consensus,gender,Male,belief_post,64.884
Consensus,gender,Male,concern_mean,54.392
Consensus,gender,Male,policy_general,63.946
Consensus,gender,Male,policy_specific_mean,64.473
Consensus,gender,Male,behavior_mean,44.065
Consensus,gender,Male,donation_ams,2.009
Consensus,gender,Male,newsletter_signup,0.104
Corporate reliance,gender,Male,trust_multidimensional,66.328
Corporate reliance,gender,Male,trust_post,64.186
Corporate reliance,gender,Male,distrust_post,33.726
Corporate reliance,gender,Male,funding_perceptions,58.064
Corporate reliance,gender,Male,policy_role_mean,58.112
Corporate reliance,gender,Male,inst_trust_mean,56.039
Corporate reliance,gender,Male,belief_post,63.62
Corporate reliance,gender,Male,concern_mean,54.071
Corporate reliance,gender,Male,policy_general,63.74
Corporate reliance,gender,Male,policy_specific_mean,64.388
Corporate reliance,gender,Male,behavior_mean,43.997
Corporate reliance,gender,Male,donation_ams,2.006
Corporate reliance,gender,Male,newsletter_signup,0.104
Extreme weather predictions,gender,Male,trust_multidimensional,66.233
Extreme weather predictions,gender,Male,trust_post,64.026
Extreme weather predictions,gender,Male,distrust_post,33.842
Extreme weather predictions,gender,Male,funding_perceptions,58.125
Extreme weather predictions,gender,Male,policy_role_mean,58.116
Extreme weather predictions,gender,Male,inst_trust_mean,56.174
Extreme weather predictions,gender,Male,belief_post,63.605
Extreme weather predictions,gender,Male,concern_mean,54.189
Extreme weather predictions,gender,Male,policy_general,63.726
Extreme weather predictions,gender,Male,policy_specific_mean,64.363
Extreme weather predictions,gender,Male,behavior_mean,43.988
Extreme weather predictions,gender,Male,donation_ams,2.003
Extreme weather predictions,gender,Male,newsletter_signup,0.104
Former skeptics,gender,Male,trust_multidimensional,66.422
Former skeptics,gender,Male,trust_post,64.304
Former skeptics,gender,Male,distrust_post,33.575
Former skeptics,gender,Male,funding_perceptions,58.155
Former skeptics,gender,Male,policy_role_mean,58.253
Former skeptics,gender,Male,inst_trust_mean,56.129
Former skeptics,gender,Male,belief_post,64.041
Former skeptics,gender,Male,concern_mean,54.304
Former skeptics,gender,Male,policy_general,63.888
Former skeptics,gender,Male,policy_specific_mean,64.492
Former skeptics,gender,Male,behavior_mean,44.053
Former skeptics,gender,Male,donation_ams,2.014
Former skeptics,gender,Male,newsletter_signup,0.104
Funding,gender,Male,trust_multidimensional,66.133
Funding,gender,Male,trust_post,63.924
Funding,gender,Male,distrust_post,33.836
Funding,gender,Male,funding_perceptions,58.618
Funding,gender,Male,policy_role_mean,57.421
Funding,gender,Male,inst_trust_mean,56.079
Funding,gender,Male,belief_post,63.522
Funding,gender,Male,concern_mean,53.986
Funding,gender,Male,policy_general,63.656
Funding,gender,Male,policy_specific_mean,64.286
Funding,gender,Male,behavior_mean,43.945
Funding,gender,Male,donation_ams,2.002
Funding,gender,Male,newsletter_signup,0.104
High public trust,gender,Male,trust_multidimensional,66.397
High public trust,gender,Male,trust_post,64.483
High public trust,gender,Male,distrust_post,33.578
High public trust,gender,Male,funding_perceptions,58.044
High public trust,gender,Male,policy_role_mean,57.996
High public trust,gender,Male,inst_trust_mean,56.073
High public trust,gender,Male,belief_post,63.619
High public trust,gender,Male,concern_mean,54.044
High public trust,gender,Male,policy_general,63.71
High public trust,gender,Male,policy_specific_mean,64.329
High public trust,gender,Male,behavior_mean,43.972
High public trust,gender,Male,donation_ams,2.004
High public trust,gender,Male,newsletter_signup,0.104
Interview Prof. Maraun,gender,Male,trust_multidimensional,66.46
Interview Prof. Maraun,gender,Male,trust_post,64.145
Interview Prof. Maraun,gender,Male,distrust_post,33.723
Interview Prof. Maraun,gender,Male,funding_perceptions,58.025
Interview Prof. Maraun,gender,Male,policy_role_mean,58.1
Interview Prof. Maraun,gender,Male,inst_trust_mean,56.072
Interview Prof. Maraun,gender,Male,belief_post,63.615
Interview Prof. Maraun,gender,Male,concern_mean,54.047
Interview Prof. Maraun,gender,Male,policy_general,63.661
Interview Prof. Maraun,gender,Male,policy_specific_mean,64.309
Interview Prof. Maraun,gender,Male,behavior_mean,43.98
Interview Prof. Maraun,gender,Male,donation_ams,2.004
Interview Prof. Maraun,gender,Male,newsletter_signup,0.104
Interview Prof. Sebille,gender,Male,trust_multidimensional,66.357
Interview Prof. Sebille,gender,Male,trust_post,64.085
Interview Prof. Sebille,gender,Male,distrust_post,33.795
Interview Prof. Sebille,gender,Male,funding_perceptions,58.062
Interview Prof. Sebille,gender,Male,policy_role_mean,58.121
Interview Prof. Sebille,gender,Male,inst_trust_mean,56.021
Interview Prof. Sebille,gender,Male,belief_post,63.713
Interview Prof. Sebille,gender,Male,concern_mean,54.341
Interview Prof. Sebille,gender,Male,policy_general,63.826
Interview Prof. Sebille,gender,Male,policy_specific_mean,64.422
Interview Prof. Sebille,gender,Male,behavior_mean,44.043
Interview Prof. Sebille,gender,Male,donation_ams,2.008
Interview Prof. Sebille,gender,Male,newsletter_signup,0.104
Measurement & modeling (1),gender,Male,trust_multidimensional,66.179
Measurement & modeling (1),gender,Male,trust_post,63.936
Measurement & modeling (1),gender,Male,distrust_post,33.899
Measurement & modeling (1),gender,Male,funding_perceptions,57.988
Measurement & modeling (1),gender,Male,policy_role_mean,57.993
Measurement & modeling (1),gender,Male,inst_trust_mean,56.022
Measurement & modeling (1),gender,Male,belief_post,63.712
Measurement & modeling (1),gender,Male,concern_mean,54.078
Measurement & modeling (1),gender,Male,policy_general,63.669
Measurement & modeling (1),gender,Male,policy_specific_mean,64.299
Measurement & modeling (1),gender,Male,behavior_mean,43.96
Measurement & modeling (1),gender,Male,donation_ams,2.004
Measurement & modeling (1),gender,Male,newsletter_signup,0.104
Measurement & modeling (2),gender,Male,trust_multidimensional,66.118
Measurement & modeling (2),gender,Male,trust_post,63.846
Measurement & modeling (2),gender,Male,distrust_post,33.957
Measurement & modeling (2),gender,Male,funding_perceptions,57.975
Measurement & modeling (2),gender,Male,policy_role_mean,57.993
Measurement & modeling (2),gender,Male,inst_trust_mean,55.986
Measurement & modeling (2),gender,Male,belief_post,63.564
Measurement & modeling (2),gender,Male,concern_mean,53.98
Measurement & modeling (2),gender,Male,policy_general,63.655
Measurement & modeling (2),gender,Male,policy_specific_mean,64.305
Measurement & modeling (2),gender,Male,behavior_mean,43.969
Measurement & modeling (2),gender,Male,donation_ams,2.003
Measurement & modeling (2),gender,Male,newsletter_signup,0.104
Model accuracy,gender,Male,trust_multidimensional,66.291
Model accuracy,gender,Male,trust_post,64.138
Model accuracy,gender,Male,distrust_post,33.745
Model accuracy,gender,Male,funding_perceptions,58.104
Model accuracy,gender,Male,policy_role_mean,58.032
Model accuracy,gender,Male,inst_trust_mean,56.043
Model accuracy,gender,Male,belief_post,64.013
Model accuracy,gender,Male,concern_mean,54.141
Model accuracy,gender,Male,policy_general,63.766
Model accuracy,gender,Male,policy_specific_mean,64.356
Model accuracy,gender,Male,behavior_mean,43.992
Model accuracy,gender,Male,donation_ams,2.006
Model accuracy,gender,Male,newsletter_signup,0.104
Oil industry misinformation,gender,Male,trust_multidimensional,66.413
Oil industry misinformation,gender,Male,trust_post,64.281
Oil industry misinformation,gender,Male,distrust_post,33.524
Oil industry misinformation,gender,Male,funding_perceptions,58.265
Oil industry misinformation,gender,Male,policy_role_mean,58.183
Oil industry misinformation,gender,Male,inst_trust_mean,56.066
Oil industry misinformation,gender,Male,belief_post,64.039
Oil industry misinformation,gender,Male,concern_mean,54.412
Oil industry misinformation,gender,Male,policy_general,63.96
Oil industry misinformation,gender,Male,policy_specific_mean,64.527
Oil industry misinformation,gender,Male,behavior_mean,44.087
Oil industry misinformation,gender,Male,donation_ams,2.009
Oil industry misinformation,gender,Male,newsletter_signup,0.104
Peer-review,gender,Male,trust_multidimensional,66.276
Peer-review,gender,Male,trust_post,64.086
Peer-review,gender,Male,distrust_post,33.782
Peer-review,gender,Male,funding_perceptions,58.014
Peer-review,gender,Male,policy_role_mean,58.026
Peer-review,gender,Male,inst_trust_mean,56.006
Peer-review,gender,Male,belief_post,63.666
Peer-review,gender,Male,concern_mean,54.045
Peer-review,gender,Male,policy_general,63.713
Peer-review,gender,Male,policy_specific_mean,64.341
Peer-review,gender,Male,behavior_mean,43.95
Peer-review,gender,Male,donation_ams,2.006
Peer-review,gender,Male,newsletter_signup,0.104
Portrait Prof. Cherry,gender,Male,trust_multidimensional,66.218
Portrait Prof. Cherry,gender,Male,trust_post,63.943
Portrait Prof. Cherry,gender,Male,distrust_post,33.873
Portrait Prof. Cherry,gender,Male,funding_perceptions,57.972
Portrait Prof. Cherry,gender,Male,policy_role_mean,58.142
Portrait Prof. Cherry,gender,Male,inst_trust_mean,56.007
Portrait Prof. Cherry,gender,Male,belief_post,63.536
Portrait Prof. Cherry,gender,Male,concern_mean,54.057
Portrait Prof. Cherry,gender,Male,policy_general,63.709
Portrait Prof. Cherry,gender,Male,policy_specific_mean,64.379
Portrait Prof. Cherry,gender,Male,behavior_mean,43.995
Portrait Prof. Cherry,gender,Male,donation_ams,2.008
Portrait Prof. Cherry,gender,Male,newsletter_signup,0.104
Scientist community helpers,gender,Male,trust_multidimensional,66.648
Scientist community helpers,gender,Male,trust_post,64.396
Scientist community helpers,gender,Male,distrust_post,33.592
Scientist community helpers,gender,Male,funding_perceptions,58.17
Scientist community helpers,gender,Male,policy_role_mean,58.32
Scientist community helpers,gender,Male,inst_trust_mean,56.127
Scientist community helpers,gender,Male,belief_post,63.664
Scientist community helpers,gender,Male,concern_mean,54.145
Scientist community helpers,gender,Male,policy_general,63.79
Scientist community helpers,gender,Male,policy_specific_mean,64.457
Scientist community helpers,gender,Male,behavior_mean,44.05
Scientist community helpers,gender,Male,donation_ams,2.009
Scientist community helpers,gender,Male,newsletter_signup,0.104
Social justice,gender,Male,trust_multidimensional,65.935
Social justice,gender,Male,trust_post,63.755
Social justice,gender,Male,distrust_post,33.979
Social justice,gender,Male,funding_perceptions,58.183
Social justice,gender,Male,policy_role_mean,58.218
Social justice,gender,Male,inst_trust_mean,55.998
Social justice,gender,Male,belief_post,63.647
Social justice,gender,Male,concern_mean,54.385
Social justice,gender,Male,policy_general,64.009
Social justice,gender,Male,policy_specific_mean,64.585
Social justice,gender,Male,behavior_mean,44.108
Social justice,gender,Male,donation_ams,2.006
Social justice,gender,Male,newsletter_signup,0.104
control,gender,Other,trust_multidimensional,67.245
control,gender,Other,trust_post,66.011
control,gender,Other,distrust_post,31.876
control,gender,Other,funding_perceptions,59.852
control,gender,Other,policy_role_mean,59.875
control,gender,Other,inst_trust_mean,55.778
control,gender,Other,belief_post,68.29
control,gender,Other,concern_mean,63.278
control,gender,Other,policy_general,66.389
control,gender,Other,policy_specific_mean,65.322
control,gender,Other,behavior_mean,47.413
control,gender,Other,donation_ams,2.191
control,gender,Other,newsletter_signup,0.113
Consensus,gender,Other,trust_multidimensional,68.582
Consensus,gender,Other,trust_post,67.597
Consensus,gender,Other,distrust_post,30.764
Consensus,gender,Other,funding_perceptions,60.622
Consensus,gender,Other,policy_role_mean,60.68
Consensus,gender,Other,inst_trust_mean,56.376
Consensus,gender,Other,belief_post,69.938
Consensus,gender,Other,concern_mean,63.938
Consensus,gender,Other,policy_general,67.037
Consensus,gender,Other,policy_specific_mean,65.782
Consensus,gender,Other,behavior_mean,47.751
Consensus,gender,Other,donation_ams,2.231
Consensus,gender,Other,newsletter_signup,0.117
Corporate reliance,gender,Other,trust_multidimensional,68.502
Corporate reliance,gender,Other,trust_post,67.455
Corporate reliance,gender,Other,distrust_post,30.843
Corporate reliance,gender,Other,funding_perceptions,60.517
Corporate reliance,gender,Other,policy_role_mean,60.641
Corporate reliance,gender,Other,inst_trust_mean,56.288
Corporate reliance,gender,Other,belief_post,68.814
Corporate reliance,gender,Other,concern_mean,63.679
Corporate reliance,gender,Other,policy_general,66.844
Corporate reliance,gender,Other,policy_specific_mean,65.698
Corporate reliance,gender,Other,behavior_mean,47.688
Corporate reliance,gender,Other,donation_ams,2.228
Corporate reliance,gender,Other,newsletter_signup,0.117
Extreme weather predictions,gender,Other,trust_multidimensional,68.418
Extreme weather predictions,gender,Other,trust_post,67.311
Extreme weather predictions,gender,Other,distrust_post,30.953
Extreme weather predictions,gender,Other,funding_perceptions,60.574
Extreme weather predictions,gender,Other,policy_role_mean,60.645
Extreme weather predictions,gender,Other,inst_trust_mean,56.421
Extreme weather predictions,gender,Other,belief_post,68.8
Extreme weather predictions,gender,Other,concern_mean,63.775
Extreme weather predictions,gender,Other,policy_general,66.831
Extreme weather predictions,gender,Other,policy_specific_mean,65.674
Extreme weather predictions,gender,Other,behavior_mean,47.68
Extreme weather predictions,gender,Other,donation_ams,2.225
Extreme weather predictions,gender,Other,newsletter_signup,0.117
Former skeptics,gender,Other,trust_multidimensional,68.587
Former skeptics,gender,Other,trust_post,67.56
Former skeptics,gender,Other,distrust_post,30.701
Former skeptics,gender,Other,funding_perceptions,60.603
Former skeptics,gender,Other,policy_role_mean,60.771
Former skeptics,gender,Other,inst_trust_mean,56.377
Former skeptics,gender,Other,belief_post,69.188
Former skeptics,gender,Other,concern_mean,63.867
Former skeptics,gender,Other,policy_general,66.982
Former skeptics,gender,Other,policy_specific_mean,65.801
Former skeptics,gender,Other,behavior_mean,47.739
Former skeptics,gender,Other,donation_ams,2.235
Former skeptics,gender,Other,newsletter_signup,0.117
Funding,gender,Other,trust_multidimensional,68.329
Funding,gender,Other,trust_post,67.22
Funding,gender,Other,distrust_post,30.947
Funding,gender,Other,funding_perceptions,61.037
Funding,gender,Other,policy_role_mean,60.006
Funding,gender,Other,inst_trust_mean,56.327
Funding,gender,Other,belief_post,68.726
Funding,gender,Other,concern_mean,63.611
Funding,gender,Other,policy_general,66.766
Funding,gender,Other,policy_specific_mean,65.598
Funding,gender,Other,behavior_mean,47.641
Funding,gender,Other,donation_ams,2.224
Funding,gender,Other,newsletter_signup,0.117
High public trust,gender,Other,trust_multidimensional,68.564
High public trust,gender,Other,trust_post,67.72
High public trust,gender,Other,distrust_post,30.704
High public trust,gender,Other,funding_perceptions,60.498
High public trust,gender,Other,policy_role_mean,60.535
High public trust,gender,Other,inst_trust_mean,56.321
High public trust,gender,Other,belief_post,68.813
High public trust,gender,Other,concern_mean,63.658
High public trust,gender,Other,policy_general,66.816
High public trust,gender,Other,policy_specific_mean,65.641
High public trust,gender,Other,behavior_mean,47.665
High public trust,gender,Other,donation_ams,2.226
High public trust,gender,Other,newsletter_signup,0.117
Interview Prof. Maraun,gender,Other,trust_multidimensional,68.62
Interview Prof. Maraun,gender,Other,trust_post,67.418
Interview Prof. Maraun,gender,Other,distrust_post,30.84
Interview Prof. Maraun,gender,Other,funding_perceptions,60.48
Interview Prof. Maraun,gender,Other,policy_role_mean,60.63
Interview Prof. Maraun,gender,Other,inst_trust_mean,56.32
Interview Prof. Maraun,gender,Other,belief_post,68.809
Interview Prof. Maraun,gender,Other,concern_mean,63.66
Interview Prof. Maraun,gender,Other,policy_general,66.77
Interview Prof. Maraun,gender,Other,policy_specific_mean,65.62
Interview Prof. Maraun,gender,Other,behavior_mean,47.673
Interview Prof. Maraun,gender,Other,donation_ams,2.226
Interview Prof. Maraun,gender,Other,newsletter_signup,0.117
Interview Prof. Sebille,gender,Other,trust_multidimensional,68.529
Interview Prof. Sebille,gender,Other,trust_post,67.364
Interview Prof. Sebille,gender,Other,distrust_post,30.908
Interview Prof. Sebille,gender,Other,funding_perceptions,60.515
Interview Prof. Sebille,gender,Other,policy_role_mean,60.65
Interview Prof. Sebille,gender,Other,inst_trust_mean,56.269
Interview Prof. Sebille,gender,Other,belief_post,68.897
Interview Prof. Sebille,gender,Other,concern_mean,63.897
Interview Prof. Sebille,gender,Other,policy_general,66.924
Interview Prof. Sebille,gender,Other,policy_specific_mean,65.732
Interview Prof. Sebille,gender,Other,behavior_mean,47.73
Interview Prof. Sebille,gender,Other,donation_ams,2.23
Interview Prof. Sebille,gender,Other,newsletter_signup,0.117
Measurement & modeling (1),gender,Other,trust_multidimensional,68.369
Measurement & modeling (1),gender,Other,trust_post,67.231
Measurement & modeling (1),gender,Other,distrust_post,31.006
Measurement & modeling (1),gender,Other,funding_perceptions,60.446
Measurement & modeling (1),gender,Other,policy_role_mean,60.532
Measurement & modeling (1),gender,Other,inst_trust_mean,56.27
Measurement & modeling (1),gender,Other,belief_post,68.895
Measurement & modeling (1),gender,Other,concern_mean,63.685
Measurement & modeling (1),gender,Other,policy_general,66.778
Measurement & modeling (1),gender,Other,policy_specific_mean,65.611
Measurement & modeling (1),gender,Other,behavior_mean,47.654
Measurement & modeling (1),gender,Other,donation_ams,2.226
Measurement & modeling (1),gender,Other,newsletter_signup,0.117
Measurement & modeling (2),gender,Other,trust_multidimensional,68.315
Measurement & modeling (2),gender,Other,trust_post,67.151
Measurement & modeling (2),gender,Other,distrust_post,31.06
Measurement & modeling (2),gender,Other,funding_perceptions,60.434
Measurement & modeling (2),gender,Other,policy_role_mean,60.532
Measurement & modeling (2),gender,Other,inst_trust_mean,56.234
Measurement & modeling (2),gender,Other,belief_post,68.764
Measurement & modeling (2),gender,Other,concern_mean,63.606
Measurement & modeling (2),gender,Other,policy_general,66.764
Measurement & modeling (2),gender,Other,policy_specific_mean,65.617
Measurement & modeling (2),gender,Other,behavior_mean,47.663
Measurement & modeling (2),gender,Other,donation_ams,2.224
Measurement & modeling (2),gender,Other,newsletter_signup,0.116
Model accuracy,gender,Other,trust_multidimensional,68.469
Model accuracy,gender,Other,trust_post,67.411
Model accuracy,gender,Other,distrust_post,30.861
Model accuracy,gender,Other,funding_perceptions,60.554
Model accuracy,gender,Other,policy_role_mean,60.568
Model accuracy,gender,Other,inst_trust_mean,56.292
Model accuracy,gender,Other,belief_post,69.163
Model accuracy,gender,Other,concern_mean,63.736
Model accuracy,gender,Other,policy_general,66.868
Model accuracy,gender,Other,policy_specific_mean,65.667
Model accuracy,gender,Other,behavior_mean,47.684
Model accuracy,gender,Other,donation_ams,2.228
Model accuracy,gender,Other,newsletter_signup,0.117
Oil industry misinformation,gender,Other,trust_multidimensional,68.578
Oil industry misinformation,gender,Other,trust_post,67.539
Oil industry misinformation,gender,Other,distrust_post,30.653
Oil industry misinformation,gender,Other,funding_perceptions,60.706
Oil industry misinformation,gender,Other,policy_role_mean,60.706
Oil industry misinformation,gender,Other,inst_trust_mean,56.314
Oil industry misinformation,gender,Other,belief_post,69.186
Oil industry misinformation,gender,Other,concern_mean,63.955
Oil industry misinformation,gender,Other,policy_general,67.049
Oil industry misinformation,gender,Other,policy_specific_mean,65.834
Oil industry misinformation,gender,Other,behavior_mean,47.771
Oil industry misinformation,gender,Other,donation_ams,2.231
Oil industry misinformation,gender,Other,newsletter_signup,0.117
Peer-review,gender,Other,trust_multidimensional,68.456
Peer-review,gender,Other,trust_post,67.365
Peer-review,gender,Other,distrust_post,30.896
Peer-review,gender,Other,funding_perceptions,60.47
Peer-review,gender,Other,policy_role_mean,60.562
Peer-review,gender,Other,inst_trust_mean,56.255
Peer-review,gender,Other,belief_post,68.854
Peer-review,gender,Other,concern_mean,63.658
Peer-review,gender,Other,policy_general,66.819
Peer-review,gender,Other,policy_specific_mean,65.652
Peer-review,gender,Other,behavior_mean,47.645
Peer-review,gender,Other,donation_ams,2.228
Peer-review,gender,Other,newsletter_signup,0.117
Portrait Prof. Cherry,gender,Other,trust_multidimensional,68.405
Portrait Prof. Cherry,gender,Other,trust_post,67.238
Portrait Prof. Cherry,gender,Other,distrust_post,30.982
Portrait Prof. Cherry,gender,Other,funding_perceptions,60.431
Portrait Prof. Cherry,gender,Other,policy_role_mean,60.669
Portrait Prof. Cherry,gender,Other,inst_trust_mean,56.256
Portrait Prof. Cherry,gender,Other,belief_post,68.739
Portrait Prof. Cherry,gender,Other,concern_mean,63.668
Portrait Prof. Cherry,gender,Other,policy_general,66.816
Portrait Prof. Cherry,gender,Other,policy_specific_mean,65.689
Portrait Prof. Cherry,gender,Other,behavior_mean,47.687
Portrait Prof. Cherry,gender,Other,donation_ams,2.23
Portrait Prof. Cherry,gender,Other,newsletter_signup,0.117
Scientist community helpers,gender,Other,trust_multidimensional,68.789
Scientist community helpers,gender,Other,trust_post,67.642
Scientist community helpers,gender,Other,distrust_post,30.717
Scientist community helpers,gender,Other,funding_perceptions,60.617
Scientist community helpers,gender,Other,policy_role_mean,60.832
Scientist community helpers,gender,Other,inst_trust_mean,56.375
Scientist community helpers,gender,Other,belief_post,68.853
Scientist community helpers,gender,Other,concern_mean,63.739
Scientist community helpers,gender,Other,policy_general,66.891
Scientist community helpers,gender,Other,policy_specific_mean,65.766
Scientist community helpers,gender,Other,behavior_mean,47.737
Scientist community helpers,gender,Other,donation_ams,2.231
Scientist community helpers,gender,Other,newsletter_signup,0.117
Social justice,gender,Other,trust_multidimensional,68.152
Social justice,gender,Other,trust_post,67.07
Social justice,gender,Other,distrust_post,31.08
Social justice,gender,Other,funding_perceptions,60.629
Social justice,gender,Other,policy_role_mean,60.739
Social justice,gender,Other,inst_trust_mean,56.247
Social justice,gender,Other,belief_post,68.837
Social justice,gender,Other,concern_mean,63.932
Social justice,gender,Other,policy_general,67.095
Social justice,gender,Other,policy_specific_mean,65.892
Social justice,gender,Other,behavior_mean,47.79
Social justice,gender,Other,donation_ams,2.228
Social justice,gender,Other,newsletter_signup,0.117
control,age_band,18-29,trust_multidimensional,66.947
control,age_band,18-29,trust_post,65.136
control,age_band,18-29,distrust_post,31.65
control,age_band,18-29,funding_perceptions,60.186
control,age_band,18-29,policy_role_mean,60.071
control,age_band,18-29,inst_trust_mean,57.069
control,age_band,18-29,belief_post,66.093
control,age_band,18-29,concern_mean,59.719
control,age_band,18-29,policy_general,66.943
control,age_band,18-29,policy_specific_mean,66.825
control,age_band,18-29,behavior_mean,48.503
control,age_band,18-29,donation_ams,1.997
control,age_band,18-29,newsletter_signup,0.106
Consensus,age_band,18-29,trust_multidimensional,68.329
Consensus,age_band,18-29,trust_post,66.778
Consensus,age_band,18-29,distrust_post,30.557
Consensus,age_band,18-29,funding_perceptions,60.948
Consensus,age_band,18-29,policy_role_mean,60.882
Consensus,age_band,18-29,inst_trust_mean,57.641
Consensus,age_band,18-29,belief_post,67.823
Consensus,age_band,18-29,concern_mean,60.436
Consensus,age_band,18-29,policy_general,67.58
Consensus,age_band,18-29,policy_specific_mean,67.258
Consensus,age_band,18-29,behavior_mean,48.83
Consensus,age_band,18-29,donation_ams,2.037
Consensus,age_band,18-29,newsletter_signup,0.11
Corporate reliance,age_band,18-29,trust_multidimensional,68.247
Corporate reliance,age_band,18-29,trust_post,66.63
Corporate reliance,age_band,18-29,distrust_post,30.635
Corporate reliance,age_band,18-29,funding_perceptions,60.843
Corporate reliance,age_band,18-29,policy_role_mean,60.843
Corporate reliance,age_band,18-29,inst_trust_mean,57.557
Corporate reliance,age_band,18-29,belief_post,66.643
Corporate reliance,age_band,18-29,concern_mean,60.155
Corporate reliance,age_band,18-29,policy_general,67.39
Corporate reliance,age_band,18-29,policy_specific_mean,67.18
Corporate reliance,age_band,18-29,behavior_mean,48.769
Corporate reliance,age_band,18-29,donation_ams,2.034
Corporate reliance,age_band,18-29,newsletter_signup,0.11
Extreme weather predictions,age_band,18-29,trust_multidimensional,68.16
Extreme weather predictions,age_band,18-29,trust_post,66.482
Extreme weather predictions,age_band,18-29,distrust_post,30.743
Extreme weather predictions,age_band,18-29,funding_perceptions,60.9
Extreme weather predictions,age_band,18-29,policy_role_mean,60.847
Extreme weather predictions,age_band,18-29,inst_trust_mean,57.684
Extreme weather predictions,age_band,18-29,belief_post,66.629
Extreme weather predictions,age_band,18-29,concern_mean,60.259
Extreme weather predictions,age_band,18-29,policy_general,67.378
Extreme weather predictions,age_band,18-29,policy_specific_mean,67.157
Extreme weather predictions,age_band,18-29,behavior_mean,48.761
Extreme weather predictions,age_band,18-29,donation_ams,2.031
Extreme weather predictions,age_band,18-29,newsletter_signup,0.11
Former skeptics,age_band,18-29,trust_multidimensional,68.334
Former skeptics,age_band,18-29,trust_post,66.739
Former skeptics,age_band,18-29,distrust_post,30.496
Former skeptics,age_band,18-29,funding_perceptions,60.928
Former skeptics,age_band,18-29,policy_role_mean,60.974
Former skeptics,age_band,18-29,inst_trust_mean,57.642
Former skeptics,age_band,18-29,belief_post,67.035
Former skeptics,age_band,18-29,concern_mean,60.359
Former skeptics,age_band,18-29,policy_general,67.526
Former skeptics,age_band,18-29,policy_specific_mean,67.276
Former skeptics,age_band,18-29,behavior_mean,48.818
Former skeptics,age_band,18-29,donation_ams,2.042
Former skeptics,age_band,18-29,newsletter_signup,0.11
Funding,age_band,18-29,trust_multidimensional,68.068
Funding,age_band,18-29,trust_post,66.388
Funding,age_band,18-29,distrust_post,30.737
Funding,age_band,18-29,funding_perceptions,61.358
Funding,age_band,18-29,policy_role_mean,60.203
Funding,age_band,18-29,inst_trust_mean,57.594
Funding,age_band,18-29,belief_post,66.551
Funding,age_band,18-29,concern_mean,60.081
Funding,age_band,18-29,policy_general,67.313
Funding,age_band,18-29,policy_specific_mean,67.085
Funding,age_band,18-29,behavior_mean,48.723
Funding,age_band,18-29,donation_ams,2.03
Funding,age_band,18-29,newsletter_signup,0.11
High public trust,age_band,18-29,trust_multidimensional,68.311
High public trust,age_band,18-29,trust_post,66.905
High public trust,age_band,18-29,distrust_post,30.499
High public trust,age_band,18-29,funding_perceptions,60.825
High public trust,age_band,18-29,policy_role_mean,60.736
High public trust,age_band,18-29,inst_trust_mean,57.589
High public trust,age_band,18-29,belief_post,66.642
High public trust,age_band,18-29,concern_mean,60.132
High public trust,age_band,18-29,policy_general,67.363
High public trust,age_band,18-29,policy_specific_mean,67.125
High public trust,age_band,18-29,behavior_mean,48.747
High public trust,age_band,18-29,donation_ams,2.033
High public trust,age_band,18-29,newsletter_signup,0.11
Interview Prof. Maraun,age_band,18-29,trust_multidimensional,68.369
Interview Prof. Maraun,age_band,18-29,trust_post,66.593
Interview Prof. Maraun,age_band,18-29,distrust_post,30.632
Interview Prof. Maraun,age_band,18-29,funding_perceptions,60.807
Interview Prof. Maraun,age_band,18-29,policy_role_mean,60.832
Interview Prof. Maraun,age_band,18-29,inst_trust_mean,57.588
Interview Prof. Maraun,age_band,18-29,belief_post,66.638
Interview Prof. Maraun,age_band,18-29,concern_mean,60.134
Interview Prof. Maraun,age_band,18-29,policy_general,67.318
Interview Prof. Maraun,age_band,18-29,policy_specific_mean,67.106
Interview Prof. Maraun,age_band,18-29,behavior_mean,48.754
Interview Prof. Maraun,age_band,18-29,donation_ams,2.032
Interview Prof. Maraun,age_band,18-29,newsletter_signup,0.11
Interview Prof. Sebille,age_band,18-29,trust_multidimensional,68.274
Interview Prof. Sebille,age_band,18-29,trust_post,66.537
Interview Prof. Sebille,age_band,18-29,distrust_post,30.699
Interview Prof. Sebille,age_band,18-29,funding_perceptions,60.841
Interview Prof. Sebille,age_band,18-29,policy_role_mean,60.852
Interview Prof. Sebille,age_band,18-29,inst_trust_mean,57.539
Interview Prof. Sebille,age_band,18-29,belief_post,66.73
Interview Prof. Sebille,age_band,18-29,concern_mean,60.392
Interview Prof. Sebille,age_band,18-29,policy_general,67.469
Interview Prof. Sebille,age_band,18-29,policy_specific_mean,67.211
Interview Prof. Sebille,age_band,18-29,behavior_mean,48.81
Interview Prof. Sebille,age_band,18-29,donation_ams,2.037
Interview Prof. Sebille,age_band,18-29,newsletter_signup,0.11
Measurement & modeling (1),age_band,18-29,trust_multidimensional,68.11
Measurement & modeling (1),age_band,18-29,trust_post,66.399
Measurement & modeling (1),age_band,18-29,distrust_post,30.795
Measurement & modeling (1),age_band,18-29,funding_perceptions,60.773
Measurement & modeling (1),age_band,18-29,policy_role_mean,60.733
Measurement & modeling (1),age_band,18-29,inst_trust_mean,57.54
Measurement & modeling (1),age_band,18-29,belief_post,66.728
Measurement & modeling (1),age_band,18-29,concern_mean,60.161
Measurement & modeling (1),age_band,18-29,policy_general,67.326
Measurement & modeling (1),age_band,18-29,policy_specific_mean,67.098
Measurement & modeling (1),age_band,18-29,behavior_mean,48.736
Measurement & modeling (1),age_band,18-29,donation_ams,2.032
Measurement & modeling (1),age_band,18-29,newsletter_signup,0.11
Measurement & modeling (2),age_band,18-29,trust_multidimensional,68.053
Measurement & modeling (2),age_band,18-29,trust_post,66.316
Measurement & modeling (2),age_band,18-29,distrust_post,30.849
Measurement & modeling (2),age_band,18-29,funding_perceptions,60.761
Measurement & modeling (2),age_band,18-29,policy_role_mean,60.733
Measurement & modeling (2),age_band,18-29,inst_trust_mean,57.505
Measurement & modeling (2),age_band,18-29,belief_post,66.591
Measurement & modeling (2),age_band,18-29,concern_mean,60.076
Measurement & modeling (2),age_band,18-29,policy_general,67.312
Measurement & modeling (2),age_band,18-29,policy_specific_mean,67.103
Measurement & modeling (2),age_band,18-29,behavior_mean,48.745
Measurement & modeling (2),age_band,18-29,donation_ams,2.031
Measurement & modeling (2),age_band,18-29,newsletter_signup,0.11
Model accuracy,age_band,18-29,trust_multidimensional,68.213
Model accuracy,age_band,18-29,trust_post,66.586
Model accuracy,age_band,18-29,distrust_post,30.653
Model accuracy,age_band,18-29,funding_perceptions,60.88
Model accuracy,age_band,18-29,policy_role_mean,60.769
Model accuracy,age_band,18-29,inst_trust_mean,57.56
Model accuracy,age_band,18-29,belief_post,67.009
Model accuracy,age_band,18-29,concern_mean,60.217
Model accuracy,age_band,18-29,policy_general,67.414
Model accuracy,age_band,18-29,policy_specific_mean,67.15
Model accuracy,age_band,18-29,behavior_mean,48.765
Model accuracy,age_band,18-29,donation_ams,2.035
Model accuracy,age_band,18-29,newsletter_signup,0.11
Oil industry misinformation,age_band,18-29,trust_multidimensional,68.326
Oil industry misinformation,age_band,18-29,trust_post,66.718
Oil industry misinformation,age_band,18-29,distrust_post,30.449
Oil industry misinformation,age_band,18-29,funding_perceptions,61.031
Oil industry misinformation,age_band,18-29,policy_role_mean,60.909
Oil industry misinformation,age_band,18-29,inst_trust_mean,57.582
Oil industry misinformation,age_band,18-29,belief_post,67.034
Oil industry misinformation,age_band,18-29,concern_mean,60.454
Oil industry misinformation,age_band,18-29,policy_general,67.592
Oil industry misinformation,age_band,18-29,policy_specific_mean,67.308
Oil industry misinformation,age_band,18-29,behavior_mean,48.849
Oil industry misinformation,age_band,18-29,donation_ams,2.038
Oil industry misinformation,age_band,18-29,newsletter_signup,0.11
Peer-review,age_band,18-29,trust_multidimensional,68.2
Peer-review,age_band,18-29,trust_post,66.538
Peer-review,age_band,18-29,distrust_post,30.687
Peer-review,age_band,18-29,funding_perceptions,60.797
Peer-review,age_band,18-29,policy_role_mean,60.763
Peer-review,age_band,18-29,inst_trust_mean,57.525
Peer-review,age_band,18-29,belief_post,66.686
Peer-review,age_band,18-29,concern_mean,60.132
Peer-review,age_band,18-29,policy_general,67.366
Peer-review,age_band,18-29,policy_specific_mean,67.136
Peer-review,age_band,18-29,behavior_mean,48.727
Peer-review,age_band,18-29,donation_ams,2.035
Peer-review,age_band,18-29,newsletter_signup,0.11
Portrait Prof. Cherry,age_band,18-29,trust_multidimensional,68.146
Portrait Prof. Cherry,age_band,18-29,trust_post,66.406
Portrait Prof. Cherry,age_band,18-29,distrust_post,30.771
Portrait Prof. Cherry,age_band,18-29,funding_perceptions,60.758
Portrait Prof. Cherry,age_band,18-29,policy_role_mean,60.871
Portrait Prof. Cherry,age_band,18-29,inst_trust_mean,57.526
Portrait Prof. Cherry,age_band,18-29,belief_post,66.564
Portrait Prof. Cherry,age_band,18-29,concern_mean,60.143
Portrait Prof. Cherry,age_band,18-29,policy_general,67.362
Portrait Prof. Cherry,age_band,18-29,policy_specific_mean,67.171
Portrait Prof. Cherry,age_band,18-29,behavior_mean,48.768
Portrait Prof. Cherry,age_band,18-29,donation_ams,2.037
Portrait Prof. Cherry,age_band,18-29,newsletter_signup,0.11
Scientist community helpers,age_band,18-29,trust_multidimensional,68.543
Scientist community helpers,age_band,18-29,trust_post,66.824
Scientist community helpers,age_band,18-29,distrust_post,30.511
Scientist community helpers,age_band,18-29,funding_perceptions,60.942
Scientist community helpers,age_band,18-29,policy_role_mean,61.036
Scientist community helpers,age_band,18-29,inst_trust_mean,57.64
Scientist community helpers,age_band,18-29,belief_post,66.684
Scientist community helpers,age_band,18-29,concern_mean,60.22
Scientist community helpers,age_band,18-29,policy_general,67.437
Scientist community helpers,age_band,18-29,policy_specific_mean,67.243
Scientist community helpers,age_band,18-29,behavior_mean,48.816
Scientist community helpers,age_band,18-29,donation_ams,2.037
Scientist community helpers,age_band,18-29,newsletter_signup,0.11
Social justice,age_band,18-29,trust_multidimensional,67.884
Social justice,age_band,18-29,trust_post,66.232
Social justice,age_band,18-29,distrust_post,30.868
Social justice,age_band,18-29,funding_perceptions,60.954
Social justice,age_band,18-29,policy_role_mean,60.942
Social justice,age_band,18-29,inst_trust_mean,57.517
Social justice,age_band,18-29,belief_post,66.668
Social justice,age_band,18-29,concern_mean,60.43
Social justice,age_band,18-29,policy_general,67.637
Social justice,age_band,18-29,policy_specific_mean,67.362
Social justice,age_band,18-29,behavior_mean,48.868
Social justice,age_band,18-29,donation_ams,2.034
Social justice,age_band,18-29,newsletter_signup,0.11
control,age_band,30-44,trust_multidimensional,66.325
control,age_band,30-44,trust_post,64.733
control,age_band,30-44,distrust_post,33.24
control,age_band,30-44,funding_perceptions,59.152
control,age_band,30-44,policy_role_mean,58.472
control,age_band,30-44,inst_trust_mean,56.601
control,age_band,30-44,belief_post,65.672
control,age_band,30-44,concern_mean,58.57
control,age_band,30-44,policy_general,65.407
control,age_band,30-44,policy_specific_mean,65.405
control,age_band,30-44,behavior_mean,46.102
control,age_band,30-44,donation_ams,1.962
control,age_band,30-44,newsletter_signup,0.101
Consensus,age_band,30-44,trust_multidimensional,67.741
Consensus,age_band,30-44,trust_post,66.415
Consensus,age_band,30-44,distrust_post,32.097
Consensus,age_band,30-44,funding_perceptions,59.937
Consensus,age_band,30-44,policy_role_mean,59.318
Consensus,age_band,30-44,inst_trust_mean,57.183
Consensus,age_band,30-44,belief_post,67.424
Consensus,age_band,30-44,concern_mean,59.308
Consensus,age_band,30-44,policy_general,66.069
Consensus,age_band,30-44,policy_specific_mean,65.857
Consensus,age_band,30-44,behavior_mean,46.449
Consensus,age_band,30-44,donation_ams,2.002
Consensus,age_band,30-44,newsletter_signup,0.104
Corporate reliance,age_band,30-44,trust_multidimensional,67.657
Corporate reliance,age_band,30-44,trust_post,66.264
Corporate reliance,age_band,30-44,distrust_post,32.179
Corporate reliance,age_band,30-44,funding_perceptions,59.829
Corporate reliance,age_band,30-44,policy_role_mean,59.277
Corporate reliance,age_band,30-44,inst_trust_mean,57.097
Corporate reliance,age_band,30-44,belief_post,66.229
Corporate reliance,age_band,30-44,concern_mean,59.018
Corporate reliance,age_band,30-44,policy_general,65.872
Corporate reliance,age_band,30-44,policy_specific_mean,65.775
Corporate reliance,age_band,30-44,behavior_mean,46.384
Corporate reliance,age_band,30-44,donation_ams,1.999
Corporate reliance,age_band,30-44,newsletter_signup,0.104
Extreme weather predictions,age_band,30-44,trust_multidimensional,67.568
Extreme weather predictions,age_band,30-44,trust_post,66.112
Extreme weather predictions,age_band,30-44,distrust_post,32.291
Extreme weather predictions,age_band,30-44,funding_perceptions,59.888
Extreme weather predictions,age_band,30-44,policy_role_mean,59.281
Extreme weather predictions,age_band,30-44,inst_trust_mean,57.227
Extreme weather predictions,age_band,30-44,belief_post,66.215
Extreme weather predictions,age_band,30-44,concern_mean,59.125
Extreme weather predictions,age_band,30-44,policy_general,65.859
Extreme weather predictions,age_band,30-44,policy_specific_mean,65.751
Extreme weather predictions,age_band,30-44,behavior_mean,46.376
Extreme weather predictions,age_band,30-44,donation_ams,1.996
Extreme weather predictions,age_band,30-44,newsletter_signup,0.105
Former skeptics,age_band,30-44,trust_multidimensional,67.746
Former skeptics,age_band,30-44,trust_post,66.375
Former skeptics,age_band,30-44,distrust_post,32.033
Former skeptics,age_band,30-44,funding_perceptions,59.917
Former skeptics,age_band,30-44,policy_role_mean,59.413
Former skeptics,age_band,30-44,inst_trust_mean,57.184
Former skeptics,age_band,30-44,belief_post,66.626
Former skeptics,age_band,30-44,concern_mean,59.228
Former skeptics,age_band,30-44,policy_general,66.013
Former skeptics,age_band,30-44,policy_specific_mean,65.875
Former skeptics,age_band,30-44,behavior_mean,46.436
Former skeptics,age_band,30-44,donation_ams,2.007
Former skeptics,age_band,30-44,newsletter_signup,0.105
Funding,age_band,30-44,trust_multidimensional,67.473
Funding,age_band,30-44,trust_post,66.016
Funding,age_band,30-44,distrust_post,32.286
Funding,age_band,30-44,funding_perceptions,60.359
Funding,age_band,30-44,policy_role_mean,58.609
Funding,age_band,30-44,inst_trust_mean,57.135
Funding,age_band,30-44,belief_post,66.136
Funding,age_band,30-44,concern_mean,58.942
Funding,age_band,30-44,policy_general,65.793
Funding,age_band,30-44,policy_specific_mean,65.676
Funding,age_band,30-44,behavior_mean,46.336
Funding,age_band,30-44,donation_ams,1.995
Funding,age_band,30-44,newsletter_signup,0.104
High public trust,age_band,30-44,trust_multidimensional,67.723
High public trust,age_band,30-44,trust_post,66.545
High public trust,age_band,30-44,distrust_post,32.036
High public trust,age_band,30-44,funding_perceptions,59.81
High public trust,age_band,30-44,policy_role_mean,59.165
High public trust,age_band,30-44,inst_trust_mean,57.129
High public trust,age_band,30-44,belief_post,66.228
High public trust,age_band,30-44,concern_mean,58.995
High public trust,age_band,30-44,policy_general,65.844
High public trust,age_band,30-44,policy_specific_mean,65.718
High public trust,age_band,30-44,behavior_mean,46.36
High public trust,age_band,30-44,donation_ams,1.997
High public trust,age_band,30-44,newsletter_signup,0.104
Interview Prof. Maraun,age_band,30-44,trust_multidimensional,67.782
Interview Prof. Maraun,age_band,30-44,trust_post,66.225
Interview Prof. Maraun,age_band,30-44,distrust_post,32.176
Interview Prof. Maraun,age_band,30-44,funding_perceptions,59.792
Interview Prof. Maraun,age_band,30-44,policy_role_mean,59.265
Interview Prof. Maraun,age_band,30-44,inst_trust_mean,57.128
Interview Prof. Maraun,age_band,30-44,belief_post,66.224
Interview Prof. Maraun,age_band,30-44,concern_mean,58.996
Interview Prof. Maraun,age_band,30-44,policy_general,65.797
Interview Prof. Maraun,age_band,30-44,policy_specific_mean,65.698
Interview Prof. Maraun,age_band,30-44,behavior_mean,46.369
Interview Prof. Maraun,age_band,30-44,donation_ams,1.997
Interview Prof. Maraun,age_band,30-44,newsletter_signup,0.104
Interview Prof. Sebille,age_band,30-44,trust_multidimensional,67.685
Interview Prof. Sebille,age_band,30-44,trust_post,66.168
Interview Prof. Sebille,age_band,30-44,distrust_post,32.246
Interview Prof. Sebille,age_band,30-44,funding_perceptions,59.827
Interview Prof. Sebille,age_band,30-44,policy_role_mean,59.286
Interview Prof. Sebille,age_band,30-44,inst_trust_mean,57.079
Interview Prof. Sebille,age_band,30-44,belief_post,66.317
Interview Prof. Sebille,age_band,30-44,concern_mean,59.262
Interview Prof. Sebille,age_band,30-44,policy_general,65.954
Interview Prof. Sebille,age_band,30-44,policy_specific_mean,65.808
Interview Prof. Sebille,age_band,30-44,behavior_mean,46.427
Interview Prof. Sebille,age_band,30-44,donation_ams,2.002
Interview Prof. Sebille,age_band,30-44,newsletter_signup,0.104
Measurement & modeling (1),age_band,30-44,trust_multidimensional,67.516
Measurement & modeling (1),age_band,30-44,trust_post,66.027
Measurement & modeling (1),age_band,30-44,distrust_post,32.346
Measurement & modeling (1),age_band,30-44,funding_perceptions,59.757
Measurement & modeling (1),age_band,30-44,policy_role_mean,59.162
Measurement & modeling (1),age_band,30-44,inst_trust_mean,57.08
Measurement & modeling (1),age_band,30-44,belief_post,66.315
Measurement & modeling (1),age_band,30-44,concern_mean,59.025
Measurement & modeling (1),age_band,30-44,policy_general,65.805
Measurement & modeling (1),age_band,30-44,policy_specific_mean,65.69
Measurement & modeling (1),age_band,30-44,behavior_mean,46.349
Measurement & modeling (1),age_band,30-44,donation_ams,1.997
Measurement & modeling (1),age_band,30-44,newsletter_signup,0.104
Measurement & modeling (2),age_band,30-44,trust_multidimensional,67.458
Measurement & modeling (2),age_band,30-44,trust_post,65.942
Measurement & modeling (2),age_band,30-44,distrust_post,32.402
Measurement & modeling (2),age_band,30-44,funding_perceptions,59.744
Measurement & modeling (2),age_band,30-44,policy_role_mean,59.162
Measurement & modeling (2),age_band,30-44,inst_trust_mean,57.045
Measurement & modeling (2),age_band,30-44,belief_post,66.176
Measurement & modeling (2),age_band,30-44,concern_mean,58.937
Measurement & modeling (2),age_band,30-44,policy_general,65.791
Measurement & modeling (2),age_band,30-44,policy_specific_mean,65.695
Measurement & modeling (2),age_band,30-44,behavior_mean,46.358
Measurement & modeling (2),age_band,30-44,donation_ams,1.996
Measurement & modeling (2),age_band,30-44,newsletter_signup,0.104
Model accuracy,age_band,30-44,trust_multidimensional,67.622
Model accuracy,age_band,30-44,trust_post,66.218
Model accuracy,age_band,30-44,distrust_post,32.197
Model accuracy,age_band,30-44,funding_perceptions,59.867
Model accuracy,age_band,30-44,policy_role_mean,59.2
Model accuracy,age_band,30-44,inst_trust_mean,57.101
Model accuracy,age_band,30-44,belief_post,66.6
Model accuracy,age_band,30-44,concern_mean,59.082
Model accuracy,age_band,30-44,policy_general,65.897
Model accuracy,age_band,30-44,policy_specific_mean,65.744
Model accuracy,age_band,30-44,behavior_mean,46.379
Model accuracy,age_band,30-44,donation_ams,1.999
Model accuracy,age_band,30-44,newsletter_signup,0.104
Oil industry misinformation,age_band,30-44,trust_multidimensional,67.737
Oil industry misinformation,age_band,30-44,trust_post,66.354
Oil industry misinformation,age_band,30-44,distrust_post,31.984
Oil industry misinformation,age_band,30-44,funding_perceptions,60.022
Oil industry misinformation,age_band,30-44,policy_role_mean,59.345
Oil industry misinformation,age_band,30-44,inst_trust_mean,57.123
Oil industry misinformation,age_band,30-44,belief_post,66.625
Oil industry misinformation,age_band,30-44,concern_mean,59.326
Oil industry misinformation,age_band,30-44,policy_general,66.082
Oil industry misinformation,age_band,30-44,policy_specific_mean,65.909
Oil industry misinformation,age_band,30-44,behavior_mean,46.469
Oil industry misinformation,age_band,30-44,donation_ams,2.003
Oil industry misinformation,age_band,30-44,newsletter_signup,0.105
Peer-review,age_band,30-44,trust_multidimensional,67.608
Peer-review,age_band,30-44,trust_post,66.169
Peer-review,age_band,30-44,distrust_post,32.233
Peer-review,age_band,30-44,funding_perceptions,59.781
Peer-review,age_band,30-44,policy_role_mean,59.193
Peer-review,age_band,30-44,inst_trust_mean,57.065
Peer-review,age_band,30-44,belief_post,66.272
Peer-review,age_band,30-44,concern_mean,58.995
Peer-review,age_band,30-44,policy_general,65.847
Peer-review,age_band,30-44,policy_specific_mean,65.729
Peer-review,age_band,30-44,behavior_mean,46.34
Peer-review,age_band,30-44,donation_ams,1.999
Peer-review,age_band,30-44,newsletter_signup,0.104
Portrait Prof. Cherry,age_band,30-44,trust_multidimensional,67.553
Portrait Prof. Cherry,age_band,30-44,trust_post,66.034
Portrait Prof. Cherry,age_band,30-44,distrust_post,32.321
Portrait Prof. Cherry,age_band,30-44,funding_perceptions,59.742
Portrait Prof. Cherry,age_band,30-44,policy_role_mean,59.306
Portrait Prof. Cherry,age_band,30-44,inst_trust_mean,57.066
Portrait Prof. Cherry,age_band,30-44,belief_post,66.149
Portrait Prof. Cherry,age_band,30-44,concern_mean,59.006
Portrait Prof. Cherry,age_band,30-44,policy_general,65.843
Portrait Prof. Cherry,age_band,30-44,policy_specific_mean,65.766
Portrait Prof. Cherry,age_band,30-44,behavior_mean,46.383
Portrait Prof. Cherry,age_band,30-44,donation_ams,2.002
Portrait Prof. Cherry,age_band,30-44,newsletter_signup,0.104
Scientist community helpers,age_band,30-44,trust_multidimensional,67.96
Scientist community helpers,age_band,30-44,trust_post,66.462
Scientist community helpers,age_band,30-44,distrust_post,32.049
Scientist community helpers,age_band,30-44,funding_perceptions,59.931
Scientist community helpers,age_band,30-44,policy_role_mean,59.478
Scientist community helpers,age_band,30-44,inst_trust_mean,57.182
Scientist community helpers,age_band,30-44,belief_post,66.271
Scientist community helpers,age_band,30-44,concern_mean,59.085
Scientist community helpers,age_band,30-44,policy_general,65.92
Scientist community helpers,age_band,30-44,policy_specific_mean,65.841
Scientist community helpers,age_band,30-44,behavior_mean,46.434
Scientist community helpers,age_band,30-44,donation_ams,2.002
Scientist community helpers,age_band,30-44,newsletter_signup,0.105
Social justice,age_band,30-44,trust_multidimensional,67.285
Social justice,age_band,30-44,trust_post,65.856
Social justice,age_band,30-44,distrust_post,32.423
Social justice,age_band,30-44,funding_perceptions,59.944
Social justice,age_band,30-44,policy_role_mean,59.38
Social justice,age_band,30-44,inst_trust_mean,57.057
Social justice,age_band,30-44,belief_post,66.254
Social justice,age_band,30-44,concern_mean,59.301
Social justice,age_band,30-44,policy_general,66.129
Social justice,age_band,30-44,policy_specific_mean,65.965
Social justice,age_band,30-44,behavior_mean,46.489
Social justice,age_band,30-44,donation_ams,1.999
Social justice,age_band,30-44,newsletter_signup,0.104
control,age_band,45-59,trust_multidimensional,64.523
control,age_band,45-59,trust_post,61.955
control,age_band,45-59,distrust_post,35.566
control,age_band,45-59,funding_perceptions,56.493
control,age_band,45-59,policy_role_mean,56.192
control,age_band,45-59,inst_trust_mean,55.085
control,age_band,45-59,belief_post,62.588
control,age_band,45-59,concern_mean,55.105
control,age_band,45-59,policy_general,62.027
control,age_band,45-59,policy_specific_mean,62.916
control,age_band,45-59,behavior_mean,42.153
control,age_band,45-59,donation_ams,1.921
control,age_band,45-59,newsletter_signup,0.103
Consensus,age_band,45-59,trust_multidimensional,66.049
Consensus,age_band,45-59,trust_post,63.767
Consensus,age_band,45-59,distrust_post,34.36
Consensus,age_band,45-59,funding_perceptions,57.329
Consensus,age_band,45-59,policy_role_mean,57.091
Consensus,age_band,45-59,inst_trust_mean,55.693
Consensus,age_band,45-59,belief_post,64.464
Consensus,age_band,45-59,concern_mean,55.9
Consensus,age_band,45-59,policy_general,62.742
Consensus,age_band,45-59,policy_specific_mean,63.397
Consensus,age_band,45-59,behavior_mean,42.536
Consensus,age_band,45-59,donation_ams,1.961
Consensus,age_band,45-59,newsletter_signup,0.107
Corporate reliance,age_band,45-59,trust_multidimensional,65.959
Corporate reliance,age_band,45-59,trust_post,63.604
Corporate reliance,age_band,45-59,distrust_post,34.446
Corporate reliance,age_band,45-59,funding_perceptions,57.214
Corporate reliance,age_band,45-59,policy_role_mean,57.048
Corporate reliance,age_band,45-59,inst_trust_mean,55.603
Corporate reliance,age_band,45-59,belief_post,63.184
Corporate reliance,age_band,45-59,concern_mean,55.588
Corporate reliance,age_band,45-59,policy_general,62.529
Corporate reliance,age_band,45-59,policy_specific_mean,63.31
Corporate reliance,age_band,45-59,behavior_mean,42.465
Corporate reliance,age_band,45-59,donation_ams,1.958
Corporate reliance,age_band,45-59,newsletter_signup,0.107
Extreme weather predictions,age_band,45-59,trust_multidimensional,65.863
Extreme weather predictions,age_band,45-59,trust_post,63.441
Extreme weather predictions,age_band,45-59,distrust_post,34.565
Extreme weather predictions,age_band,45-59,funding_perceptions,57.277
Extreme weather predictions,age_band,45-59,policy_role_mean,57.052
Extreme weather predictions,age_band,45-59,inst_trust_mean,55.739
Extreme weather predictions,age_band,45-59,belief_post,63.169
Extreme weather predictions,age_band,45-59,concern_mean,55.703
Extreme weather predictions,age_band,45-59,policy_general,62.515
Extreme weather predictions,age_band,45-59,policy_specific_mean,63.284
Extreme weather predictions,age_band,45-59,behavior_mean,42.455
Extreme weather predictions,age_band,45-59,donation_ams,1.955
Extreme weather predictions,age_band,45-59,newsletter_signup,0.107
Former skeptics,age_band,45-59,trust_multidimensional,66.055
Former skeptics,age_band,45-59,trust_post,63.724
Former skeptics,age_band,45-59,distrust_post,34.292
Former skeptics,age_band,45-59,funding_perceptions,57.307
Former skeptics,age_band,45-59,policy_role_mean,57.193
Former skeptics,age_band,45-59,inst_trust_mean,55.694
Former skeptics,age_band,45-59,belief_post,63.61
Former skeptics,age_band,45-59,concern_mean,55.814
Former skeptics,age_band,45-59,policy_general,62.681
Former skeptics,age_band,45-59,policy_specific_mean,63.417
Former skeptics,age_band,45-59,behavior_mean,42.522
Former skeptics,age_band,45-59,donation_ams,1.965
Former skeptics,age_band,45-59,newsletter_signup,0.107
Funding,age_band,45-59,trust_multidimensional,65.76
Funding,age_band,45-59,trust_post,63.337
Funding,age_band,45-59,distrust_post,34.559
Funding,age_band,45-59,funding_perceptions,57.778
Funding,age_band,45-59,policy_role_mean,56.338
Funding,age_band,45-59,inst_trust_mean,55.643
Funding,age_band,45-59,belief_post,63.084
Funding,age_band,45-59,concern_mean,55.506
Funding,age_band,45-59,policy_general,62.443
Funding,age_band,45-59,policy_specific_mean,63.205
Funding,age_band,45-59,behavior_mean,42.411
Funding,age_band,45-59,donation_ams,1.954
Funding,age_band,45-59,newsletter_signup,0.107
High public trust,age_band,45-59,trust_multidimensional,66.03
High public trust,age_band,45-59,trust_post,63.908
High public trust,age_band,45-59,distrust_post,34.295
High public trust,age_band,45-59,funding_perceptions,57.194
High public trust,age_band,45-59,policy_role_mean,56.929
High public trust,age_band,45-59,inst_trust_mean,55.637
High public trust,age_band,45-59,belief_post,63.183
High public trust,age_band,45-59,concern_mean,55.562
High public trust,age_band,45-59,policy_general,62.498
High public trust,age_band,45-59,policy_specific_mean,63.249
High public trust,age_band,45-59,behavior_mean,42.438
High public trust,age_band,45-59,donation_ams,1.956
High public trust,age_band,45-59,newsletter_signup,0.107
Interview Prof. Maraun,age_band,45-59,trust_multidimensional,66.093
Interview Prof. Maraun,age_band,45-59,trust_post,63.563
Interview Prof. Maraun,age_band,45-59,distrust_post,34.443
Interview Prof. Maraun,age_band,45-59,funding_perceptions,57.174
Interview Prof. Maraun,age_band,45-59,policy_role_mean,57.035
Interview Prof. Maraun,age_band,45-59,inst_trust_mean,55.636
Interview Prof. Maraun,age_band,45-59,belief_post,63.179
Interview Prof. Maraun,age_band,45-59,concern_mean,55.564
Interview Prof. Maraun,age_band,45-59,policy_general,62.448
Interview Prof. Maraun,age_band,45-59,policy_specific_mean,63.228
Interview Prof. Maraun,age_band,45-59,behavior_mean,42.447
Interview Prof. Maraun,age_band,45-59,donation_ams,1.956
Interview Prof. Maraun,age_band,45-59,newsletter_signup,0.107
Interview Prof. Sebille,age_band,45-59,trust_multidimensional,65.989
Interview Prof. Sebille,age_band,45-59,trust_post,63.501
Interview Prof. Sebille,age_band,45-59,distrust_post,34.517
Interview Prof. Sebille,age_band,45-59,funding_perceptions,57.212
Interview Prof. Sebille,age_band,45-59,policy_role_mean,57.058
Interview Prof. Sebille,age_band,45-59,inst_trust_mean,55.584
Interview Prof. Sebille,age_band,45-59,belief_post,63.278
Interview Prof. Sebille,age_band,45-59,concern_mean,55.851
Interview Prof. Sebille,age_band,45-59,policy_general,62.618
Interview Prof. Sebille,age_band,45-59,policy_specific_mean,63.345
Interview Prof. Sebille,age_band,45-59,behavior_mean,42.512
Interview Prof. Sebille,age_band,45-59,donation_ams,1.96
Interview Prof. Sebille,age_band,45-59,newsletter_signup,0.107
Measurement & modeling (1),age_band,45-59,trust_multidimensional,65.807
Measurement & modeling (1),age_band,45-59,trust_post,63.349
Measurement & modeling (1),age_band,45-59,distrust_post,34.623
Measurement & modeling (1),age_band,45-59,funding_perceptions,57.137
Measurement & modeling (1),age_band,45-59,policy_role_mean,56.925
Measurement & modeling (1),age_band,45-59,inst_trust_mean,55.585
Measurement & modeling (1),age_band,45-59,belief_post,63.277
Measurement & modeling (1),age_band,45-59,concern_mean,55.595
Measurement & modeling (1),age_band,45-59,policy_general,62.457
Measurement & modeling (1),age_band,45-59,policy_specific_mean,63.219
Measurement & modeling (1),age_band,45-59,behavior_mean,42.426
Measurement & modeling (1),age_band,45-59,donation_ams,1.956
Measurement & modeling (1),age_band,45-59,newsletter_signup,0.107
Measurement & modeling (2),age_band,45-59,trust_multidimensional,65.744
Measurement & modeling (2),age_band,45-59,trust_post,63.257
Measurement & modeling (2),age_band,45-59,distrust_post,34.682
Measurement & modeling (2),age_band,45-59,funding_perceptions,57.124
Measurement & modeling (2),age_band,45-59,policy_role_mean,56.926
Measurement & modeling (2),age_band,45-59,inst_trust_mean,55.548
Measurement & modeling (2),age_band,45-59,belief_post,63.128
Measurement & modeling (2),age_band,45-59,concern_mean,55.5
Measurement & modeling (2),age_band,45-59,policy_general,62.442
Measurement & modeling (2),age_band,45-59,policy_specific_mean,63.225
Measurement & modeling (2),age_band,45-59,behavior_mean,42.436
Measurement & modeling (2),age_band,45-59,donation_ams,1.955
Measurement & modeling (2),age_band,45-59,newsletter_signup,0.107
Model accuracy,age_band,45-59,trust_multidimensional,65.921
Model accuracy,age_band,45-59,trust_post,63.555
Model accuracy,age_band,45-59,distrust_post,34.465
Model accuracy,age_band,45-59,funding_perceptions,57.254
Model accuracy,age_band,45-59,policy_role_mean,56.966
Model accuracy,age_band,45-59,inst_trust_mean,55.607
Model accuracy,age_band,45-59,belief_post,63.582
Model accuracy,age_band,45-59,concern_mean,55.656
Model accuracy,age_band,45-59,policy_general,62.556
Model accuracy,age_band,45-59,policy_specific_mean,63.277
Model accuracy,age_band,45-59,behavior_mean,42.459
Model accuracy,age_band,45-59,donation_ams,1.958
Model accuracy,age_band,45-59,newsletter_signup,0.107
Oil industry misinformation,age_band,45-59,trust_multidimensional,66.045
Oil industry misinformation,age_band,45-59,trust_post,63.701
Oil industry misinformation,age_band,45-59,distrust_post,34.24
Oil industry misinformation,age_band,45-59,funding_perceptions,57.419
Oil industry misinformation,age_band,45-59,policy_role_mean,57.121
Oil industry misinformation,age_band,45-59,inst_trust_mean,55.63
Oil industry misinformation,age_band,45-59,belief_post,63.608
Oil industry misinformation,age_band,45-59,concern_mean,55.92
Oil industry misinformation,age_band,45-59,policy_general,62.755
Oil industry misinformation,age_band,45-59,policy_specific_mean,63.452
Oil industry misinformation,age_band,45-59,behavior_mean,42.558
Oil industry misinformation,age_band,45-59,donation_ams,1.961
Oil industry misinformation,age_band,45-59,newsletter_signup,0.107
Peer-review,age_band,45-59,trust_multidimensional,65.906
Peer-review,age_band,45-59,trust_post,63.502
Peer-review,age_band,45-59,distrust_post,34.504
Peer-review,age_band,45-59,funding_perceptions,57.163
Peer-review,age_band,45-59,policy_role_mean,56.959
Peer-review,age_band,45-59,inst_trust_mean,55.57
Peer-review,age_band,45-59,belief_post,63.23
Peer-review,age_band,45-59,concern_mean,55.563
Peer-review,age_band,45-59,policy_general,62.502
Peer-review,age_band,45-59,policy_specific_mean,63.261
Peer-review,age_band,45-59,behavior_mean,42.415
Peer-review,age_band,45-59,donation_ams,1.958
Peer-review,age_band,45-59,newsletter_signup,0.107
Portrait Prof. Cherry,age_band,45-59,trust_multidimensional,65.847
Portrait Prof. Cherry,age_band,45-59,trust_post,63.357
Portrait Prof. Cherry,age_band,45-59,distrust_post,34.596
Portrait Prof. Cherry,age_band,45-59,funding_perceptions,57.121
Portrait Prof. Cherry,age_band,45-59,policy_role_mean,57.079
Portrait Prof. Cherry,age_band,45-59,inst_trust_mean,55.57
Portrait Prof. Cherry,age_band,45-59,belief_post,63.099
Portrait Prof. Cherry,age_band,45-59,concern_mean,55.575
Portrait Prof. Cherry,age_band,45-59,policy_general,62.498
Portrait Prof. Cherry,age_band,45-59,policy_specific_mean,63.3
Portrait Prof. Cherry,age_band,45-59,behavior_mean,42.463
Portrait Prof. Cherry,age_band,45-59,donation_ams,1.96
Portrait Prof. Cherry,age_band,45-59,newsletter_signup,0.107
Scientist community helpers,age_band,45-59,trust_multidimensional,66.286
Scientist community helpers,age_band,45-59,trust_post,63.818
Scientist community helpers,age_band,45-59,distrust_post,34.309
Scientist community helpers,age_band,45-59,funding_perceptions,57.322
Scientist community helpers,age_band,45-59,policy_role_mean,57.261
Scientist community helpers,age_band,45-59,inst_trust_mean,55.691
Scientist community helpers,age_band,45-59,belief_post,63.229
Scientist community helpers,age_band,45-59,concern_mean,55.66
Scientist community helpers,age_band,45-59,policy_general,62.581
Scientist community helpers,age_band,45-59,policy_specific_mean,63.38
Scientist community helpers,age_band,45-59,behavior_mean,42.52
Scientist community helpers,age_band,45-59,donation_ams,1.961
Scientist community helpers,age_band,45-59,newsletter_signup,0.108
Social justice,age_band,45-59,trust_multidimensional,65.558
Social justice,age_band,45-59,trust_post,63.165
Social justice,age_band,45-59,distrust_post,34.703
Social justice,age_band,45-59,funding_perceptions,57.336
Social justice,age_band,45-59,policy_role_mean,57.157
Social justice,age_band,45-59,inst_trust_mean,55.561
Social justice,age_band,45-59,belief_post,63.211
Social justice,age_band,45-59,concern_mean,55.893
Social justice,age_band,45-59,policy_general,62.806
Social justice,age_band,45-59,policy_specific_mean,63.512
Social justice,age_band,45-59,behavior_mean,42.58
Social justice,age_band,45-59,donation_ams,1.958
Social justice,age_band,45-59,newsletter_signup,0.107
control,age_band,60+,trust_multidimensional,65.072
control,age_band,60+,trust_post,62.827
control,age_band,60+,distrust_post,34.571
control,age_band,60+,funding_perceptions,57.29
control,age_band,60+,policy_role_mean,56.971
control,age_band,60+,inst_trust_mean,55.399
control,age_band,60+,belief_post,62.997
control,age_band,60+,concern_mean,56.026
control,age_band,60+,policy_general,63.0
control,age_band,60+,policy_specific_mean,63.783
control,age_band,60+,behavior_mean,41.424
control,age_band,60+,donation_ams,1.962
control,age_band,60+,newsletter_signup,0.099
Consensus,age_band,60+,trust_multidimensional,66.564
Consensus,age_band,60+,trust_post,64.599
Consensus,age_band,60+,distrust_post,33.394
Consensus,age_band,60+,funding_perceptions,58.11
Consensus,age_band,60+,policy_role_mean,57.852
Consensus,age_band,60+,inst_trust_mean,56.001
Consensus,age_band,60+,belief_post,64.851
Consensus,age_band,60+,concern_mean,56.803
Consensus,age_band,60+,policy_general,63.697
Consensus,age_band,60+,policy_specific_mean,64.254
Consensus,age_band,60+,behavior_mean,41.813
Consensus,age_band,60+,donation_ams,2.002
Consensus,age_band,60+,newsletter_signup,0.103
Corporate reliance,age_band,60+,trust_multidimensional,66.475
Corporate reliance,age_band,60+,trust_post,64.44
Corporate reliance,age_band,60+,distrust_post,33.478
Corporate reliance,age_band,60+,funding_perceptions,57.997
Corporate reliance,age_band,60+,policy_role_mean,57.81
Corporate reliance,age_band,60+,inst_trust_mean,55.912
Corporate reliance,age_band,60+,belief_post,63.587
Corporate reliance,age_band,60+,concern_mean,56.498
Corporate reliance,age_band,60+,policy_general,63.489
Corporate reliance,age_band,60+,policy_specific_mean,64.169
Corporate reliance,age_band,60+,behavior_mean,41.741
Corporate reliance,age_band,60+,donation_ams,1.999
Corporate reliance,age_band,60+,newsletter_signup,0.103
Extreme weather predictions,age_band,60+,trust_multidimensional,66.382
Extreme weather predictions,age_band,60+,trust_post,64.28
Extreme weather predictions,age_band,60+,distrust_post,33.594
Extreme weather predictions,age_band,60+,funding_perceptions,58.059
Extreme weather predictions,age_band,60+,policy_role_mean,57.814
Extreme weather predictions,age_band,60+,inst_trust_mean,56.047
Extreme weather predictions,age_band,60+,belief_post,63.571
Extreme weather predictions,age_band,60+,concern_mean,56.611
Extreme weather predictions,age_band,60+,policy_general,63.476
Extreme weather predictions,age_band,60+,policy_specific_mean,64.144
Extreme weather predictions,age_band,60+,behavior_mean,41.731
Extreme weather predictions,age_band,60+,donation_ams,1.996
Extreme weather predictions,age_band,60+,newsletter_signup,0.103
Former skeptics,age_band,60+,trust_multidimensional,66.57
Former skeptics,age_band,60+,trust_post,64.557
Former skeptics,age_band,60+,distrust_post,33.328
Former skeptics,age_band,60+,funding_perceptions,58.089
Former skeptics,age_band,60+,policy_role_mean,57.952
Former skeptics,age_band,60+,inst_trust_mean,56.002
Former skeptics,age_band,60+,belief_post,64.007
Former skeptics,age_band,60+,concern_mean,56.72
Former skeptics,age_band,60+,policy_general,63.638
Former skeptics,age_band,60+,policy_specific_mean,64.274
Former skeptics,age_band,60+,behavior_mean,41.799
Former skeptics,age_band,60+,donation_ams,2.007
Former skeptics,age_band,60+,newsletter_signup,0.103
Funding,age_band,60+,trust_multidimensional,66.282
Funding,age_band,60+,trust_post,64.178
Funding,age_band,60+,distrust_post,33.588
Funding,age_band,60+,funding_perceptions,58.551
Funding,age_band,60+,policy_role_mean,57.114
Funding,age_band,60+,inst_trust_mean,55.952
Funding,age_band,60+,belief_post,63.488
Funding,age_band,60+,concern_mean,56.418
Funding,age_band,60+,policy_general,63.406
Funding,age_band,60+,policy_specific_mean,64.066
Funding,age_band,60+,behavior_mean,41.686
Funding,age_band,60+,donation_ams,1.995
Funding,age_band,60+,newsletter_signup,0.103
High public trust,age_band,60+,trust_multidimensional,66.545
High public trust,age_band,60+,trust_post,64.736
High public trust,age_band,60+,distrust_post,33.331
High public trust,age_band,60+,funding_perceptions,57.978
High public trust,age_band,60+,policy_role_mean,57.693
High public trust,age_band,60+,inst_trust_mean,55.946
High public trust,age_band,60+,belief_post,63.585
High public trust,age_band,60+,concern_mean,56.473
High public trust,age_band,60+,policy_general,63.459
High public trust,age_band,60+,policy_specific_mean,64.11
High public trust,age_band,60+,behavior_mean,41.714
High public trust,age_band,60+,donation_ams,1.997
High public trust,age_band,60+,newsletter_signup,0.103
Interview Prof. Maraun,age_band,60+,trust_multidimensional,66.607
Interview Prof. Maraun,age_band,60+,trust_post,64.399
Interview Prof. Maraun,age_band,60+,distrust_post,33.475
Interview Prof. Maraun,age_band,60+,funding_perceptions,57.958
Interview Prof. Maraun,age_band,60+,policy_role_mean,57.798
Interview Prof. Maraun,age_band,60+,inst_trust_mean,55.945
Interview Prof. Maraun,age_band,60+,belief_post,63.581
Interview Prof. Maraun,age_band,60+,concern_mean,56.475
Interview Prof. Maraun,age_band,60+,policy_general,63.41
Interview Prof. Maraun,age_band,60+,policy_specific_mean,64.089
Interview Prof. Maraun,age_band,60+,behavior_mean,41.723
Interview Prof. Maraun,age_band,60+,donation_ams,1.997
Interview Prof. Maraun,age_band,60+,newsletter_signup,0.103
Interview Prof. Sebille,age_band,60+,trust_multidimensional,66.505
Interview Prof. Sebille,age_band,60+,trust_post,64.339
Interview Prof. Sebille,age_band,60+,distrust_post,33.547
Interview Prof. Sebille,age_band,60+,funding_perceptions,57.996
Interview Prof. Sebille,age_band,60+,policy_role_mean,57.82
Interview Prof. Sebille,age_band,60+,inst_trust_mean,55.894
Interview Prof. Sebille,age_band,60+,belief_post,63.68
Interview Prof. Sebille,age_band,60+,concern_mean,56.755
Interview Prof. Sebille,age_band,60+,policy_general,63.576
Interview Prof. Sebille,age_band,60+,policy_specific_mean,64.203
Interview Prof. Sebille,age_band,60+,behavior_mean,41.789
Interview Prof. Sebille,age_band,60+,donation_ams,2.001
Interview Prof. Sebille,age_band,60+,newsletter_signup,0.103
Measurement & modeling (1),age_band,60+,trust_multidimensional,66.327
Measurement & modeling (1),age_band,60+,trust_post,64.19
Measurement & modeling (1),age_band,60+,distrust_post,33.65
Measurement & modeling (1),age_band,60+,funding_perceptions,57.922
Measurement & modeling (1),age_band,60+,policy_role_mean,57.69
Measurement & modeling (1),age_band,60+,inst_trust_mean,55.894
Measurement & modeling (1),age_band,60+,belief_post,63.678
Measurement & modeling (1),age_band,60+,concern_mean,56.505
Measurement & modeling (1),age_band,60+,policy_general,63.419
Measurement & modeling (1),age_band,60+,policy_specific_mean,64.08
Measurement & modeling (1),age_band,60+,behavior_mean,41.702
Measurement & modeling (1),age_band,60+,donation_ams,1.997
Measurement & modeling (1),age_band,60+,newsletter_signup,0.103
Measurement & modeling (2),age_band,60+,trust_multidimensional,66.266
Measurement & modeling (2),age_band,60+,trust_post,64.1
Measurement & modeling (2),age_band,60+,distrust_post,33.708
Measurement & modeling (2),age_band,60+,funding_perceptions,57.909
Measurement & modeling (2),age_band,60+,policy_role_mean,57.69
Measurement & modeling (2),age_band,60+,inst_trust_mean,55.858
Measurement & modeling (2),age_band,60+,belief_post,63.53
Measurement & modeling (2),age_band,60+,concern_mean,56.413
Measurement & modeling (2),age_band,60+,policy_general,63.404
Measurement & modeling (2),age_band,60+,policy_specific_mean,64.086
Measurement & modeling (2),age_band,60+,behavior_mean,41.711
Measurement & modeling (2),age_band,60+,donation_ams,1.996
Measurement & modeling (2),age_band,60+,newsletter_signup,0.103
Model accuracy,age_band,60+,trust_multidimensional,66.439
Model accuracy,age_band,60+,trust_post,64.391
Model accuracy,age_band,60+,distrust_post,33.497
Model accuracy,age_band,60+,funding_perceptions,58.037
Model accuracy,age_band,60+,policy_role_mean,57.729
Model accuracy,age_band,60+,inst_trust_mean,55.916
Model accuracy,age_band,60+,belief_post,63.979
Model accuracy,age_band,60+,concern_mean,56.565
Model accuracy,age_band,60+,policy_general,63.516
Model accuracy,age_band,60+,policy_specific_mean,64.137
Model accuracy,age_band,60+,behavior_mean,41.735
Model accuracy,age_band,60+,donation_ams,1.999
Model accuracy,age_band,60+,newsletter_signup,0.103
Oil industry misinformation,age_band,60+,trust_multidimensional,66.56
Oil industry misinformation,age_band,60+,trust_post,64.534
Oil industry misinformation,age_band,60+,distrust_post,33.277
Oil industry misinformation,age_band,60+,funding_perceptions,58.199
Oil industry misinformation,age_band,60+,policy_role_mean,57.881
Oil industry misinformation,age_band,60+,inst_trust_mean,55.939
Oil industry misinformation,age_band,60+,belief_post,64.005
Oil industry misinformation,age_band,60+,concern_mean,56.823
Oil industry misinformation,age_band,60+,policy_general,63.71
Oil industry misinformation,age_band,60+,policy_specific_mean,64.309
Oil industry misinformation,age_band,60+,behavior_mean,41.836
Oil industry misinformation,age_band,60+,donation_ams,2.003
Oil industry misinformation,age_band,60+,newsletter_signup,0.103
Peer-review,age_band,60+,trust_multidimensional,66.424
Peer-review,age_band,60+,trust_post,64.34
Peer-review,age_band,60+,distrust_post,33.534
Peer-review,age_band,60+,funding_perceptions,57.948
Peer-review,age_band,60+,policy_role_mean,57.723
Peer-review,age_band,60+,inst_trust_mean,55.879
Peer-review,age_band,60+,belief_post,63.632
Peer-review,age_band,60+,concern_mean,56.474
Peer-review,age_band,60+,policy_general,63.463
Peer-review,age_band,60+,policy_specific_mean,64.121
Peer-review,age_band,60+,behavior_mean,41.691
Peer-review,age_band,60+,donation_ams,1.999
Peer-review,age_band,60+,newsletter_signup,0.103
Portrait Prof. Cherry,age_band,60+,trust_multidimensional,66.366
Portrait Prof. Cherry,age_band,60+,trust_post,64.198
Portrait Prof. Cherry,age_band,60+,distrust_post,33.625
Portrait Prof. Cherry,age_band,60+,funding_perceptions,57.906
Portrait Prof. Cherry,age_band,60+,policy_role_mean,57.841
Portrait Prof. Cherry,age_band,60+,inst_trust_mean,55.88
Portrait Prof. Cherry,age_band,60+,belief_post,63.502
Portrait Prof. Cherry,age_band,60+,concern_mean,56.485
Portrait Prof. Cherry,age_band,60+,policy_general,63.459
Portrait Prof. Cherry,age_band,60+,policy_specific_mean,64.159
Portrait Prof. Cherry,age_band,60+,behavior_mean,41.739
Portrait Prof. Cherry,age_band,60+,donation_ams,2.001
Portrait Prof. Cherry,age_band,60+,newsletter_signup,0.103
Scientist community helpers,age_band,60+,trust_multidimensional,66.795
Scientist community helpers,age_band,60+,trust_post,64.649
Scientist community helpers,age_band,60+,distrust_post,33.345
Scientist community helpers,age_band,60+,funding_perceptions,58.104
Scientist community helpers,age_band,60+,policy_role_mean,58.019
Scientist community helpers,age_band,60+,inst_trust_mean,56.0
Scientist community helpers,age_band,60+,belief_post,63.631
Scientist community helpers,age_band,60+,concern_mean,56.569
Scientist community helpers,age_band,60+,policy_general,63.54
Scientist community helpers,age_band,60+,policy_specific_mean,64.238
Scientist community helpers,age_band,60+,behavior_mean,41.797
Scientist community helpers,age_band,60+,donation_ams,2.002
Scientist community helpers,age_band,60+,newsletter_signup,0.103
Social justice,age_band,60+,trust_multidimensional,66.084
Social justice,age_band,60+,trust_post,64.01
Social justice,age_band,60+,distrust_post,33.729
Social justice,age_band,60+,funding_perceptions,58.117
Social justice,age_band,60+,policy_role_mean,57.917
Social justice,age_band,60+,inst_trust_mean,55.871
Social justice,age_band,60+,belief_post,63.613
Social justice,age_band,60+,concern_mean,56.796
Social justice,age_band,60+,policy_general,63.76
Social justice,age_band,60+,policy_specific_mean,64.367
Social justice,age_band,60+,behavior_mean,41.858
Social justice,age_band,60+,donation_ams,1.999
Social justice,age_band,60+,newsletter_signup,0.103
control,race,Asian / Asian American,trust_multidimensional,66.798
control,race,Asian / Asian American,trust_post,65.331
control,race,Asian / Asian American,distrust_post,33.469
control,race,Asian / Asian American,funding_perceptions,59.255
control,race,Asian / Asian American,policy_role_mean,58.353
control,race,Asian / Asian American,inst_trust_mean,57.823
control,race,Asian / Asian American,belief_post,66.685
control,race,Asian / Asian American,concern_mean,59.726
control,race,Asian / Asian American,policy_general,65.604
control,race,Asian / Asian American,policy_specific_mean,64.742
control,race,Asian / Asian American,behavior_mean,45.612
control,race,Asian / Asian American,donation_ams,1.905
control,race,Asian / Asian American,newsletter_signup,0.106
Consensus,race,Asian / Asian American,trust_multidimensional,68.188
Consensus,race,Asian / Asian American,trust_post,66.981
Consensus,race,Asian / Asian American,distrust_post,32.336
Consensus,race,Asian / Asian American,funding_perceptions,60.034
Consensus,race,Asian / Asian American,policy_role_mean,59.199
Consensus,race,Asian / Asian American,inst_trust_mean,58.384
Consensus,race,Asian / Asian American,belief_post,68.393
Consensus,race,Asian / Asian American,concern_mean,60.443
Consensus,race,Asian / Asian American,policy_general,66.264
Consensus,race,Asian / Asian American,policy_specific_mean,65.203
Consensus,race,Asian / Asian American,behavior_mean,45.965
Consensus,race,Asian / Asian American,donation_ams,1.944
Consensus,race,Asian / Asian American,newsletter_signup,0.11
Corporate reliance,race,Asian / Asian American,trust_multidimensional,68.105
Corporate reliance,race,Asian / Asian American,trust_post,66.832
Corporate reliance,race,Asian / Asian American,distrust_post,32.417
Corporate reliance,race,Asian / Asian American,funding_perceptions,59.927
Corporate reliance,race,Asian / Asian American,policy_role_mean,59.158
Corporate reliance,race,Asian / Asian American,inst_trust_mean,58.301
Corporate reliance,race,Asian / Asian American,belief_post,67.228
Corporate reliance,race,Asian / Asian American,concern_mean,60.162
Corporate reliance,race,Asian / Asian American,policy_general,66.068
Corporate reliance,race,Asian / Asian American,policy_specific_mean,65.12
Corporate reliance,race,Asian / Asian American,behavior_mean,45.9
Corporate reliance,race,Asian / Asian American,donation_ams,1.942
Corporate reliance,race,Asian / Asian American,newsletter_signup,0.11
Extreme weather predictions,race,Asian / Asian American,trust_multidimensional,68.018
Extreme weather predictions,race,Asian / Asian American,trust_post,66.683
Extreme weather predictions,race,Asian / Asian American,distrust_post,32.528
Extreme weather predictions,race,Asian / Asian American,funding_perceptions,59.985
Extreme weather predictions,race,Asian / Asian American,policy_role_mean,59.162
Extreme weather predictions,race,Asian / Asian American,inst_trust_mean,58.427
Extreme weather predictions,race,Asian / Asian American,belief_post,67.213
Extreme weather predictions,race,Asian / Asian American,concern_mean,60.266
Extreme weather predictions,race,Asian / Asian American,policy_general,66.055
Extreme weather predictions,race,Asian / Asian American,policy_specific_mean,65.095
Extreme weather predictions,race,Asian / Asian American,behavior_mean,45.891
Extreme weather predictions,race,Asian / Asian American,donation_ams,1.938
Extreme weather predictions,race,Asian / Asian American,newsletter_signup,0.11
Former skeptics,race,Asian / Asian American,trust_multidimensional,68.193
Former skeptics,race,Asian / Asian American,trust_post,66.942
Former skeptics,race,Asian / Asian American,distrust_post,32.272
Former skeptics,race,Asian / Asian American,funding_perceptions,60.014
Former skeptics,race,Asian / Asian American,policy_role_mean,59.295
Former skeptics,race,Asian / Asian American,inst_trust_mean,58.385
Former skeptics,race,Asian / Asian American,belief_post,67.615
Former skeptics,race,Asian / Asian American,concern_mean,60.366
Former skeptics,race,Asian / Asian American,policy_general,66.208
Former skeptics,race,Asian / Asian American,policy_specific_mean,65.222
Former skeptics,race,Asian / Asian American,behavior_mean,45.953
Former skeptics,race,Asian / Asian American,donation_ams,1.949
Former skeptics,race,Asian / Asian American,newsletter_signup,0.11
Funding,race,Asian / Asian American,trust_multidimensional,67.925
Funding,race,Asian / Asian American,trust_post,66.589
Funding,race,Asian / Asian American,distrust_post,32.522
Funding,race,Asian / Asian American,funding_perceptions,60.453
Funding,race,Asian / Asian American,policy_role_mean,58.49
Funding,race,Asian / Asian American,inst_trust_mean,58.338
Funding,race,Asian / Asian American,belief_post,67.136
Funding,race,Asian / Asian American,concern_mean,60.088
Funding,race,Asian / Asian American,policy_general,65.988
Funding,race,Asian / Asian American,policy_specific_mean,65.019
Funding,race,Asian / Asian American,behavior_mean,45.85
Funding,race,Asian / Asian American,donation_ams,1.937
Funding,race,Asian / Asian American,newsletter_signup,0.11
High public trust,race,Asian / Asian American,trust_multidimensional,68.17
High public trust,race,Asian / Asian American,trust_post,67.108
High public trust,race,Asian / Asian American,distrust_post,32.275
High public trust,race,Asian / Asian American,funding_perceptions,59.908
High public trust,race,Asian / Asian American,policy_role_mean,59.046
High public trust,race,Asian / Asian American,inst_trust_mean,58.333
High public trust,race,Asian / Asian American,belief_post,67.226
High public trust,race,Asian / Asian American,concern_mean,60.139
High public trust,race,Asian / Asian American,policy_general,66.039
High public trust,race,Asian / Asian American,policy_specific_mean,65.062
High public trust,race,Asian / Asian American,behavior_mean,45.875
High public trust,race,Asian / Asian American,donation_ams,1.94
High public trust,race,Asian / Asian American,newsletter_signup,0.11
Interview Prof. Maraun,race,Asian / Asian American,trust_multidimensional,68.228
Interview Prof. Maraun,race,Asian / Asian American,trust_post,66.794
Interview Prof. Maraun,race,Asian / Asian American,distrust_post,32.413
Interview Prof. Maraun,race,Asian / Asian American,funding_perceptions,59.89
Interview Prof. Maraun,race,Asian / Asian American,policy_role_mean,59.146
Interview Prof. Maraun,race,Asian / Asian American,inst_trust_mean,58.332
Interview Prof. Maraun,race,Asian / Asian American,belief_post,67.222
Interview Prof. Maraun,race,Asian / Asian American,concern_mean,60.141
Interview Prof. Maraun,race,Asian / Asian American,policy_general,65.993
Interview Prof. Maraun,race,Asian / Asian American,policy_specific_mean,65.041
Interview Prof. Maraun,race,Asian / Asian American,behavior_mean,45.884
Interview Prof. Maraun,race,Asian / Asian American,donation_ams,1.94
Interview Prof. Maraun,race,Asian / Asian American,newsletter_signup,0.11
Interview Prof. Sebille,race,Asian / Asian American,trust_multidimensional,68.133
Interview Prof. Sebille,race,Asian / Asian American,trust_post,66.738
Interview Prof. Sebille,race,Asian / Asian American,distrust_post,32.483
Interview Prof. Sebille,race,Asian / Asian American,funding_perceptions,59.925
Interview Prof. Sebille,race,Asian / Asian American,policy_role_mean,59.167
Interview Prof. Sebille,race,Asian / Asian American,inst_trust_mean,58.284
Interview Prof. Sebille,race,Asian / Asian American,belief_post,67.313
Interview Prof. Sebille,race,Asian / Asian American,concern_mean,60.399
Interview Prof. Sebille,race,Asian / Asian American,policy_general,66.15
Interview Prof. Sebille,race,Asian / Asian American,policy_specific_mean,65.153
Interview Prof. Sebille,race,Asian / Asian American,behavior_mean,45.943
Interview Prof. Sebille,race,Asian / Asian American,donation_ams,1.944
Interview Prof. Sebille,race,Asian / Asian American,newsletter_signup,0.11
Measurement & modeling (1),race,Asian / Asian American,trust_multidimensional,67.967
Measurement & modeling (1),race,Asian / Asian American,trust_post,66.6
Measurement & modeling (1),race,Asian / Asian American,distrust_post,32.582
Measurement & modeling (1),race,Asian / Asian American,funding_perceptions,59.855
Measurement & modeling (1),race,Asian / Asian American,policy_role_mean,59.043
Measurement & modeling (1),race,Asian / Asian American,inst_trust_mean,58.285
Measurement & modeling (1),race,Asian / Asian American,belief_post,67.312
Measurement & modeling (1),race,Asian / Asian American,concern_mean,60.168
Measurement & modeling (1),race,Asian / Asian American,policy_general,66.001
Measurement & modeling (1),race,Asian / Asian American,policy_specific_mean,65.032
Measurement & modeling (1),race,Asian / Asian American,behavior_mean,45.864
Measurement & modeling (1),race,Asian / Asian American,donation_ams,1.94
Measurement & modeling (1),race,Asian / Asian American,newsletter_signup,0.11
Measurement & modeling (2),race,Asian / Asian American,trust_multidimensional,67.91
Measurement & modeling (2),race,Asian / Asian American,trust_post,66.516
Measurement & modeling (2),race,Asian / Asian American,distrust_post,32.638
Measurement & modeling (2),race,Asian / Asian American,funding_perceptions,59.843
Measurement & modeling (2),race,Asian / Asian American,policy_role_mean,59.043
Measurement & modeling (2),race,Asian / Asian American,inst_trust_mean,58.251
Measurement & modeling (2),race,Asian / Asian American,belief_post,67.176
Measurement & modeling (2),race,Asian / Asian American,concern_mean,60.083
Measurement & modeling (2),race,Asian / Asian American,policy_general,65.987
Measurement & modeling (2),race,Asian / Asian American,policy_specific_mean,65.038
Measurement & modeling (2),race,Asian / Asian American,behavior_mean,45.873
Measurement & modeling (2),race,Asian / Asian American,donation_ams,1.938
Measurement & modeling (2),race,Asian / Asian American,newsletter_signup,0.11
Model accuracy,race,Asian / Asian American,trust_multidimensional,68.071
Model accuracy,race,Asian / Asian American,trust_post,66.787
Model accuracy,race,Asian / Asian American,distrust_post,32.434
Model accuracy,race,Asian / Asian American,funding_perceptions,59.965
Model accuracy,race,Asian / Asian American,policy_role_mean,59.081
Model accuracy,race,Asian / Asian American,inst_trust_mean,58.305
Model accuracy,race,Asian / Asian American,belief_post,67.589
Model accuracy,race,Asian / Asian American,concern_mean,60.224
Model accuracy,race,Asian / Asian American,policy_general,66.092
Model accuracy,race,Asian / Asian American,policy_specific_mean,65.088
Model accuracy,race,Asian / Asian American,behavior_mean,45.895
Model accuracy,race,Asian / Asian American,donation_ams,1.942
Model accuracy,race,Asian / Asian American,newsletter_signup,0.11
Oil industry misinformation,race,Asian / Asian American,trust_multidimensional,68.184
Oil industry misinformation,race,Asian / Asian American,trust_post,66.92
Oil industry misinformation,race,Asian / Asian American,distrust_post,32.223
Oil industry misinformation,race,Asian / Asian American,funding_perceptions,60.119
Oil industry misinformation,race,Asian / Asian American,policy_role_mean,59.227
Oil industry misinformation,race,Asian / Asian American,inst_trust_mean,58.326
Oil industry misinformation,race,Asian / Asian American,belief_post,67.613
Oil industry misinformation,race,Asian / Asian American,concern_mean,60.461
Oil industry misinformation,race,Asian / Asian American,policy_general,66.277
Oil industry misinformation,race,Asian / Asian American,policy_specific_mean,65.256
Oil industry misinformation,race,Asian / Asian American,behavior_mean,45.986
Oil industry misinformation,race,Asian / Asian American,donation_ams,1.945
Oil industry misinformation,race,Asian / Asian American,newsletter_signup,0.11
Peer-review,race,Asian / Asian American,trust_multidimensional,68.058
Peer-review,race,Asian / Asian American,trust_post,66.74
Peer-review,race,Asian / Asian American,distrust_post,32.471
Peer-review,race,Asian / Asian American,funding_perceptions,59.88
Peer-review,race,Asian / Asian American,policy_role_mean,59.075
Peer-review,race,Asian / Asian American,inst_trust_mean,58.271
Peer-review,race,Asian / Asian American,belief_post,67.27
Peer-review,race,Asian / Asian American,concern_mean,60.139
Peer-review,race,Asian / Asian American,policy_general,66.042
Peer-review,race,Asian / Asian American,policy_specific_mean,65.073
Peer-review,race,Asian / Asian American,behavior_mean,45.854
Peer-review,race,Asian / Asian American,donation_ams,1.942
Peer-review,race,Asian / Asian American,newsletter_signup,0.11
Portrait Prof. Cherry,race,Asian / Asian American,trust_multidimensional,68.004
Portrait Prof. Cherry,race,Asian / Asian American,trust_post,66.607
Portrait Prof. Cherry,race,Asian / Asian American,distrust_post,32.558
Portrait Prof. Cherry,race,Asian / Asian American,funding_perceptions,59.84
Portrait Prof. Cherry,race,Asian / Asian American,policy_role_mean,59.188
Portrait Prof. Cherry,race,Asian / Asian American,inst_trust_mean,58.271
Portrait Prof. Cherry,race,Asian / Asian American,belief_post,67.15
Portrait Prof. Cherry,race,Asian / Asian American,concern_mean,60.15
Portrait Prof. Cherry,race,Asian / Asian American,policy_general,66.039
Portrait Prof. Cherry,race,Asian / Asian American,policy_specific_mean,65.11
Portrait Prof. Cherry,race,Asian / Asian American,behavior_mean,45.898
Portrait Prof. Cherry,race,Asian / Asian American,donation_ams,1.944
Portrait Prof. Cherry,race,Asian / Asian American,newsletter_signup,0.11
Scientist community helpers,race,Asian / Asian American,trust_multidimensional,68.403
Scientist community helpers,race,Asian / Asian American,trust_post,67.027
Scientist community helpers,race,Asian / Asian American,distrust_post,32.288
Scientist community helpers,race,Asian / Asian American,funding_perceptions,60.028
Scientist community helpers,race,Asian / Asian American,policy_role_mean,59.359
Scientist community helpers,race,Asian / Asian American,inst_trust_mean,58.383
Scientist community helpers,race,Asian / Asian American,belief_post,67.268
Scientist community helpers,race,Asian / Asian American,concern_mean,60.227
Scientist community helpers,race,Asian / Asian American,policy_general,66.116
Scientist community helpers,race,Asian / Asian American,policy_specific_mean,65.187
Scientist community helpers,race,Asian / Asian American,behavior_mean,45.95
Scientist community helpers,race,Asian / Asian American,donation_ams,1.945
Scientist community helpers,race,Asian / Asian American,newsletter_signup,0.11
Social justice,race,Asian / Asian American,trust_multidimensional,67.741
Social justice,race,Asian / Asian American,trust_post,66.432
Social justice,race,Asian / Asian American,distrust_post,32.658
Social justice,race,Asian / Asian American,funding_perceptions,60.041
Social justice,race,Asian / Asian American,policy_role_mean,59.261
Social justice,race,Asian / Asian American,inst_trust_mean,58.263
Social justice,race,Asian / Asian American,belief_post,67.252
Social justice,race,Asian / Asian American,concern_mean,60.437
Social justice,race,Asian / Asian American,policy_general,66.324
Social justice,race,Asian / Asian American,policy_specific_mean,65.314
Social justice,race,Asian / Asian American,behavior_mean,46.006
Social justice,race,Asian / Asian American,donation_ams,1.941
Social justice,race,Asian / Asian American,newsletter_signup,0.11
control,race,Black / African American,trust_multidimensional,65.331
control,race,Black / African American,trust_post,63.059
control,race,Black / African American,distrust_post,33.569
control,race,Black / African American,funding_perceptions,58.697
control,race,Black / African American,policy_role_mean,57.739
control,race,Black / African American,inst_trust_mean,55.657
control,race,Black / African American,belief_post,63.985
control,race,Black / African American,concern_mean,57.394
control,race,Black / African American,policy_general,64.733
control,race,Black / African American,policy_specific_mean,64.552
control,race,Black / African American,behavior_mean,43.66
control,race,Black / African American,donation_ams,2.041
control,race,Black / African American,newsletter_signup,0.102
Consensus,race,Black / African American,trust_multidimensional,66.8
Consensus,race,Black / African American,trust_post,64.803
Consensus,race,Black / African American,distrust_post,32.411
Consensus,race,Black / African American,funding_perceptions,59.491
Consensus,race,Black / African American,policy_role_mean,58.603
Consensus,race,Black / African American,inst_trust_mean,56.253
Consensus,race,Black / African American,belief_post,65.806
Consensus,race,Black / African American,concern_mean,58.151
Consensus,race,Black / African American,policy_general,65.403
Consensus,race,Black / African American,policy_specific_mean,65.012
Consensus,race,Black / African American,behavior_mean,44.028
Consensus,race,Black / African American,donation_ams,2.081
Consensus,race,Black / African American,newsletter_signup,0.106
Corporate reliance,race,Black / African American,trust_multidimensional,66.713
Corporate reliance,race,Black / African American,trust_post,64.646
Corporate reliance,race,Black / African American,distrust_post,32.494
Corporate reliance,race,Black / African American,funding_perceptions,59.382
Corporate reliance,race,Black / African American,policy_role_mean,58.562
Corporate reliance,race,Black / African American,inst_trust_mean,56.165
Corporate reliance,race,Black / African American,belief_post,64.564
Corporate reliance,race,Black / African American,concern_mean,57.854
Corporate reliance,race,Black / African American,policy_general,65.203
Corporate reliance,race,Black / African American,policy_specific_mean,64.929
Corporate reliance,race,Black / African American,behavior_mean,43.96
Corporate reliance,race,Black / African American,donation_ams,2.078
Corporate reliance,race,Black / African American,newsletter_signup,0.106
Extreme weather predictions,race,Black / African American,trust_multidimensional,66.62
Extreme weather predictions,race,Black / African American,trust_post,64.489
Extreme weather predictions,race,Black / African American,distrust_post,32.608
Extreme weather predictions,race,Black / African American,funding_perceptions,59.442
Extreme weather predictions,race,Black / African American,policy_role_mean,58.566
Extreme weather predictions,race,Black / African American,inst_trust_mean,56.298
Extreme weather predictions,race,Black / African American,belief_post,64.549
Extreme weather predictions,race,Black / African American,concern_mean,57.964
Extreme weather predictions,race,Black / African American,policy_general,65.19
Extreme weather predictions,race,Black / African American,policy_specific_mean,64.904
Extreme weather predictions,race,Black / African American,behavior_mean,43.951
Extreme weather predictions,race,Black / African American,donation_ams,2.075
Extreme weather predictions,race,Black / African American,newsletter_signup,0.106
Former skeptics,race,Black / African American,trust_multidimensional,66.805
Former skeptics,race,Black / African American,trust_post,64.762
Former skeptics,race,Black / African American,distrust_post,32.346
Former skeptics,race,Black / African American,funding_perceptions,59.471
Former skeptics,race,Black / African American,policy_role_mean,58.701
Former skeptics,race,Black / African American,inst_trust_mean,56.254
Former skeptics,race,Black / African American,belief_post,64.977
Former skeptics,race,Black / African American,concern_mean,58.07
Former skeptics,race,Black / African American,policy_general,65.346
Former skeptics,race,Black / African American,policy_specific_mean,65.031
Former skeptics,race,Black / African American,behavior_mean,44.015
Former skeptics,race,Black / African American,donation_ams,2.086
Former skeptics,race,Black / African American,newsletter_signup,0.106
Funding,race,Black / African American,trust_multidimensional,66.522
Funding,race,Black / African American,trust_post,64.389
Funding,race,Black / African American,distrust_post,32.602
Funding,race,Black / African American,funding_perceptions,59.919
Funding,race,Black / African American,policy_role_mean,57.879
Funding,race,Black / African American,inst_trust_mean,56.204
Funding,race,Black / African American,belief_post,64.467
Funding,race,Black / African American,concern_mean,57.776
Funding,race,Black / African American,policy_general,65.123
Funding,race,Black / African American,policy_specific_mean,64.829
Funding,race,Black / African American,behavior_mean,43.908
Funding,race,Black / African American,donation_ams,2.074
Funding,race,Black / African American,newsletter_signup,0.106
High public trust,race,Black / African American,trust_multidimensional,66.781
High public trust,race,Black / African American,trust_post,64.938
High public trust,race,Black / African American,distrust_post,32.349
High public trust,race,Black / African American,funding_perceptions,59.363
High public trust,race,Black / African American,policy_role_mean,58.447
High public trust,race,Black / African American,inst_trust_mean,56.198
High public trust,race,Black / African American,belief_post,64.563
High public trust,race,Black / African American,concern_mean,57.83
High public trust,race,Black / African American,policy_general,65.175
High public trust,race,Black / African American,policy_specific_mean,64.871
High public trust,race,Black / African American,behavior_mean,43.934
High public trust,race,Black / African American,donation_ams,2.076
High public trust,race,Black / African American,newsletter_signup,0.106
Interview Prof. Maraun,race,Black / African American,trust_multidimensional,66.842
Interview Prof. Maraun,race,Black / African American,trust_post,64.606
Interview Prof. Maraun,race,Black / African American,distrust_post,32.49
Interview Prof. Maraun,race,Black / African American,funding_perceptions,59.345
Interview Prof. Maraun,race,Black / African American,policy_role_mean,58.55
Interview Prof. Maraun,race,Black / African American,inst_trust_mean,56.197
Interview Prof. Maraun,race,Black / African American,belief_post,64.558
Interview Prof. Maraun,race,Black / African American,concern_mean,57.832
Interview Prof. Maraun,race,Black / African American,policy_general,65.127
Interview Prof. Maraun,race,Black / African American,policy_specific_mean,64.851
Interview Prof. Maraun,race,Black / African American,behavior_mean,43.943
Interview Prof. Maraun,race,Black / African American,donation_ams,2.076
Interview Prof. Maraun,race,Black / African American,newsletter_signup,0.106
Interview Prof. Sebille,race,Black / African American,trust_multidimensional,66.742
Interview Prof. Sebille,race,Black / African American,trust_post,64.547
Interview Prof. Sebille,race,Black / African American,distrust_post,32.562
Interview Prof. Sebille,race,Black / African American,funding_perceptions,59.38
Interview Prof. Sebille,race,Black / African American,policy_role_mean,58.571
Interview Prof. Sebille,race,Black / African American,inst_trust_mean,56.146
Interview Prof. Sebille,race,Black / African American,belief_post,64.655
Interview Prof. Sebille,race,Black / African American,concern_mean,58.104
Interview Prof. Sebille,race,Black / African American,policy_general,65.287
Interview Prof. Sebille,race,Black / African American,policy_specific_mean,64.962
Interview Prof. Sebille,race,Black / African American,behavior_mean,44.005
Interview Prof. Sebille,race,Black / African American,donation_ams,2.08
Interview Prof. Sebille,race,Black / African American,newsletter_signup,0.106
Measurement & modeling (1),race,Black / African American,trust_multidimensional,66.567
Measurement & modeling (1),race,Black / African American,trust_post,64.401
Measurement & modeling (1),race,Black / African American,distrust_post,32.663
Measurement & modeling (1),race,Black / African American,funding_perceptions,59.309
Measurement & modeling (1),race,Black / African American,policy_role_mean,58.444
Measurement & modeling (1),race,Black / African American,inst_trust_mean,56.147
Measurement & modeling (1),race,Black / African American,belief_post,64.654
Measurement & modeling (1),race,Black / African American,concern_mean,57.861
Measurement & modeling (1),race,Black / African American,policy_general,65.136
Measurement & modeling (1),race,Black / African American,policy_specific_mean,64.842
Measurement & modeling (1),race,Black / African American,behavior_mean,43.923
Measurement & modeling (1),race,Black / African American,donation_ams,2.076
Measurement & modeling (1),race,Black / African American,newsletter_signup,0.106
Measurement & modeling (2),race,Black / African American,trust_multidimensional,66.507
Measurement & modeling (2),race,Black / African American,trust_post,64.312
Measurement & modeling (2),race,Black / African American,distrust_post,32.72
Measurement & modeling (2),race,Black / African American,funding_perceptions,59.297
Measurement & modeling (2),race,Black / African American,policy_role_mean,58.445
Measurement & modeling (2),race,Black / African American,inst_trust_mean,56.111
Measurement & modeling (2),race,Black / African American,belief_post,64.509
Measurement & modeling (2),race,Black / African American,concern_mean,57.771
Measurement & modeling (2),race,Black / African American,policy_general,65.121
Measurement & modeling (2),race,Black / African American,policy_specific_mean,64.848
Measurement & modeling (2),race,Black / African American,behavior_mean,43.932
Measurement & modeling (2),race,Black / African American,donation_ams,2.075
Measurement & modeling (2),race,Black / African American,newsletter_signup,0.106
Model accuracy,race,Black / African American,trust_multidimensional,66.677
Model accuracy,race,Black / African American,trust_post,64.599
Model accuracy,race,Black / African American,distrust_post,32.512
Model accuracy,race,Black / African American,funding_perceptions,59.421
Model accuracy,race,Black / African American,policy_role_mean,58.483
Model accuracy,race,Black / African American,inst_trust_mean,56.169
Model accuracy,race,Black / African American,belief_post,64.95
Model accuracy,race,Black / African American,concern_mean,57.919
Model accuracy,race,Black / African American,policy_general,65.229
Model accuracy,race,Black / African American,policy_specific_mean,64.898
Model accuracy,race,Black / African American,behavior_mean,43.955
Model accuracy,race,Black / African American,donation_ams,2.078
Model accuracy,race,Black / African American,newsletter_signup,0.106
Oil industry misinformation,race,Black / African American,trust_multidimensional,66.796
Oil industry misinformation,race,Black / African American,trust_post,64.739
Oil industry misinformation,race,Black / African American,distrust_post,32.296
Oil industry misinformation,race,Black / African American,funding_perceptions,59.578
Oil industry misinformation,race,Black / African American,policy_role_mean,58.632
Oil industry misinformation,race,Black / African American,inst_trust_mean,56.191
Oil industry misinformation,race,Black / African American,belief_post,64.975
Oil industry misinformation,race,Black / African American,concern_mean,58.17
Oil industry misinformation,race,Black / African American,policy_general,65.416
Oil industry misinformation,race,Black / African American,policy_specific_mean,65.065
Oil industry misinformation,race,Black / African American,behavior_mean,44.049
Oil industry misinformation,race,Black / African American,donation_ams,2.082
Oil industry misinformation,race,Black / African American,newsletter_signup,0.106
Peer-review,race,Black / African American,trust_multidimensional,66.662
Peer-review,race,Black / African American,trust_post,64.548
Peer-review,race,Black / African American,distrust_post,32.549
Peer-review,race,Black / African American,funding_perceptions,59.334
Peer-review,race,Black / African American,policy_role_mean,58.476
Peer-review,race,Black / African American,inst_trust_mean,56.132
Peer-review,race,Black / African American,belief_post,64.609
Peer-review,race,Black / African American,concern_mean,57.83
Peer-review,race,Black / African American,policy_general,65.178
Peer-review,race,Black / African American,policy_specific_mean,64.882
Peer-review,race,Black / African American,behavior_mean,43.912
Peer-review,race,Black / African American,donation_ams,2.078
Peer-review,race,Black / African American,newsletter_signup,0.106
Portrait Prof. Cherry,race,Black / African American,trust_multidimensional,66.605
Portrait Prof. Cherry,race,Black / African American,trust_post,64.408
Portrait Prof. Cherry,race,Black / African American,distrust_post,32.638
Portrait Prof. Cherry,race,Black / African American,funding_perceptions,59.294
Portrait Prof. Cherry,race,Black / African American,policy_role_mean,58.592
Portrait Prof. Cherry,race,Black / African American,inst_trust_mean,56.133
Portrait Prof. Cherry,race,Black / African American,belief_post,64.481
Portrait Prof. Cherry,race,Black / African American,concern_mean,57.841
Portrait Prof. Cherry,race,Black / African American,policy_general,65.174
Portrait Prof. Cherry,race,Black / African American,policy_specific_mean,64.92
Portrait Prof. Cherry,race,Black / African American,behavior_mean,43.958
Portrait Prof. Cherry,race,Black / African American,donation_ams,2.08
Portrait Prof. Cherry,race,Black / African American,newsletter_signup,0.106
Scientist community helpers,race,Black / African American,trust_multidimensional,67.028
Scientist community helpers,race,Black / African American,trust_post,64.852
Scientist community helpers,race,Black / African American,distrust_post,32.362
Scientist community helpers,race,Black / African American,funding_perceptions,59.486
Scientist community helpers,race,Black / African American,policy_role_mean,58.767
Scientist community helpers,race,Black / African American,inst_trust_mean,56.251
Scientist community helpers,race,Black / African American,belief_post,64.607
Scientist community helpers,race,Black / African American,concern_mean,57.923
Scientist community helpers,race,Black / African American,policy_general,65.252
Scientist community helpers,race,Black / African American,policy_specific_mean,64.996
Scientist community helpers,race,Black / African American,behavior_mean,44.012
Scientist community helpers,race,Black / African American,donation_ams,2.081
Scientist community helpers,race,Black / African American,newsletter_signup,0.107
Social justice,race,Black / African American,trust_multidimensional,66.327
Social justice,race,Black / African American,trust_post,64.223
Social justice,race,Black / African American,distrust_post,32.741
Social justice,race,Black / African American,funding_perceptions,59.498
Social justice,race,Black / African American,policy_role_mean,58.667
Social justice,race,Black / African American,inst_trust_mean,56.124
Social justice,race,Black / African American,belief_post,64.59
Social justice,race,Black / African American,concern_mean,58.144
Social justice,race,Black / African American,policy_general,65.464
Social justice,race,Black / African American,policy_specific_mean,65.122
Social justice,race,Black / African American,behavior_mean,44.071
Social justice,race,Black / African American,donation_ams,2.078
Social justice,race,Black / African American,newsletter_signup,0.106
control,race,Hispanic / Latino,trust_multidimensional,65.126
control,race,Hispanic / Latino,trust_post,62.621
control,race,Hispanic / Latino,distrust_post,34.397
control,race,Hispanic / Latino,funding_perceptions,58.523
control,race,Hispanic / Latino,policy_role_mean,57.511
control,race,Hispanic / Latino,inst_trust_mean,54.825
control,race,Hispanic / Latino,belief_post,62.193
control,race,Hispanic / Latino,concern_mean,56.221
control,race,Hispanic / Latino,policy_general,63.418
control,race,Hispanic / Latino,policy_specific_mean,64.427
control,race,Hispanic / Latino,behavior_mean,45.235
control,race,Hispanic / Latino,donation_ams,1.992
control,race,Hispanic / Latino,newsletter_signup,0.096
Consensus,race,Hispanic / Latino,trust_multidimensional,66.613
Consensus,race,Hispanic / Latino,trust_post,64.386
Consensus,race,Hispanic / Latino,distrust_post,33.225
Consensus,race,Hispanic / Latino,funding_perceptions,59.317
Consensus,race,Hispanic / Latino,policy_role_mean,58.383
Consensus,race,Hispanic / Latino,inst_trust_mean,55.437
Consensus,race,Hispanic / Latino,belief_post,64.079
Consensus,race,Hispanic / Latino,concern_mean,56.996
Consensus,race,Hispanic / Latino,policy_general,64.112
Consensus,race,Hispanic / Latino,policy_specific_mean,64.892
Consensus,race,Hispanic / Latino,behavior_mean,45.59
Consensus,race,Hispanic / Latino,donation_ams,2.032
Consensus,race,Hispanic / Latino,newsletter_signup,0.1
Corporate reliance,race,Hispanic / Latino,trust_multidimensional,66.524
Corporate reliance,race,Hispanic / Latino,trust_post,64.228
Corporate reliance,race,Hispanic / Latino,distrust_post,33.309
Corporate reliance,race,Hispanic / Latino,funding_perceptions,59.208
Corporate reliance,race,Hispanic / Latino,policy_role_mean,58.341
Corporate reliance,race,Hispanic / Latino,inst_trust_mean,55.346
Corporate reliance,race,Hispanic / Latino,belief_post,62.793
Corporate reliance,race,Hispanic / Latino,concern_mean,56.692
Corporate reliance,race,Hispanic / Latino,policy_general,63.905
Corporate reliance,race,Hispanic / Latino,policy_specific_mean,64.807
Corporate reliance,race,Hispanic / Latino,behavior_mean,45.524
Corporate reliance,race,Hispanic / Latino,donation_ams,2.029
Corporate reliance,race,Hispanic / Latino,newsletter_signup,0.1
Extreme weather predictions,race,Hispanic / Latino,trust_multidimensional,66.431
Extreme weather predictions,race,Hispanic / Latino,trust_post,64.068
Extreme weather predictions,race,Hispanic / Latino,distrust_post,33.424
Extreme weather predictions,race,Hispanic / Latino,funding_perceptions,59.268
Extreme weather predictions,race,Hispanic / Latino,policy_role_mean,58.345
Extreme weather predictions,race,Hispanic / Latino,inst_trust_mean,55.483
Extreme weather predictions,race,Hispanic / Latino,belief_post,62.777
Extreme weather predictions,race,Hispanic / Latino,concern_mean,56.804
Extreme weather predictions,race,Hispanic / Latino,policy_general,63.892
Extreme weather predictions,race,Hispanic / Latino,policy_specific_mean,64.783
Extreme weather predictions,race,Hispanic / Latino,behavior_mean,45.516
Extreme weather predictions,race,Hispanic / Latino,donation_ams,2.026
Extreme weather predictions,race,Hispanic / Latino,newsletter_signup,0.1
Former skeptics,race,Hispanic / Latino,trust_multidimensional,66.618
Former skeptics,race,Hispanic / Latino,trust_post,64.344
Former skeptics,race,Hispanic / Latino,distrust_post,33.159
Former skeptics,race,Hispanic / Latino,funding_perceptions,59.297
Former skeptics,race,Hispanic / Latino,policy_role_mean,58.482
Former skeptics,race,Hispanic / Latino,inst_trust_mean,55.437
Former skeptics,race,Hispanic / Latino,belief_post,63.22
Former skeptics,race,Hispanic / Latino,concern_mean,56.912
Former skeptics,race,Hispanic / Latino,policy_general,64.053
Former skeptics,race,Hispanic / Latino,policy_specific_mean,64.911
Former skeptics,race,Hispanic / Latino,behavior_mean,45.578
Former skeptics,race,Hispanic / Latino,donation_ams,2.036
Former skeptics,race,Hispanic / Latino,newsletter_signup,0.1
Funding,race,Hispanic / Latino,trust_multidimensional,66.331
Funding,race,Hispanic / Latino,trust_post,63.967
Funding,race,Hispanic / Latino,distrust_post,33.418
Funding,race,Hispanic / Latino,funding_perceptions,59.745
Funding,race,Hispanic / Latino,policy_role_mean,57.653
Funding,race,Hispanic / Latino,inst_trust_mean,55.387
Funding,race,Hispanic / Latino,belief_post,62.692
Funding,race,Hispanic / Latino,concern_mean,56.612
Funding,race,Hispanic / Latino,policy_general,63.822
Funding,race,Hispanic / Latino,policy_specific_mean,64.706
Funding,race,Hispanic / Latino,behavior_mean,45.474
Funding,race,Hispanic / Latino,donation_ams,2.025
Funding,race,Hispanic / Latino,newsletter_signup,0.1
High public trust,race,Hispanic / Latino,trust_multidimensional,66.593
High public trust,race,Hispanic / Latino,trust_post,64.523
High public trust,race,Hispanic / Latino,distrust_post,33.162
High public trust,race,Hispanic / Latino,funding_perceptions,59.189
High public trust,race,Hispanic / Latino,policy_role_mean,58.226
High public trust,race,Hispanic / Latino,inst_trust_mean,55.381
High public trust,race,Hispanic / Latino,belief_post,62.791
High public trust,race,Hispanic / Latino,concern_mean,56.667
High public trust,race,Hispanic / Latino,policy_general,63.876
High public trust,race,Hispanic / Latino,policy_specific_mean,64.749
High public trust,race,Hispanic / Latino,behavior_mean,45.5
High public trust,race,Hispanic / Latino,donation_ams,2.027
High public trust,race,Hispanic / Latino,newsletter_signup,0.1
Interview Prof. Maraun,race,Hispanic / Latino,trust_multidimensional,66.656
Interview Prof. Maraun,race,Hispanic / Latino,trust_post,64.187
Interview Prof. Maraun,race,Hispanic / Latino,distrust_post,33.305
Interview Prof. Maraun,race,Hispanic / Latino,funding_perceptions,59.171
Interview Prof. Maraun,race,Hispanic / Latino,policy_role_mean,58.329
Interview Prof. Maraun,race,Hispanic / Latino,inst_trust_mean,55.38
Interview Prof. Maraun,race,Hispanic / Latino,belief_post,62.787
Interview Prof. Maraun,race,Hispanic / Latino,concern_mean,56.669
Interview Prof. Maraun,race,Hispanic / Latino,policy_general,63.827
Interview Prof. Maraun,race,Hispanic / Latino,policy_specific_mean,64.729
Interview Prof. Maraun,race,Hispanic / Latino,behavior_mean,45.508
Interview Prof. Maraun,race,Hispanic / Latino,donation_ams,2.027
Interview Prof. Maraun,race,Hispanic / Latino,newsletter_signup,0.1
Interview Prof. Sebille,race,Hispanic / Latino,trust_multidimensional,66.554
Interview Prof. Sebille,race,Hispanic / Latino,trust_post,64.127
Interview Prof. Sebille,race,Hispanic / Latino,distrust_post,33.377
Interview Prof. Sebille,race,Hispanic / Latino,funding_perceptions,59.207
Interview Prof. Sebille,race,Hispanic / Latino,policy_role_mean,58.351
Interview Prof. Sebille,race,Hispanic / Latino,inst_trust_mean,55.328
Interview Prof. Sebille,race,Hispanic / Latino,belief_post,62.887
Interview Prof. Sebille,race,Hispanic / Latino,concern_mean,56.948
Interview Prof. Sebille,race,Hispanic / Latino,policy_general,63.992
Interview Prof. Sebille,race,Hispanic / Latino,policy_specific_mean,64.841
Interview Prof. Sebille,race,Hispanic / Latino,behavior_mean,45.568
Interview Prof. Sebille,race,Hispanic / Latino,donation_ams,2.031
Interview Prof. Sebille,race,Hispanic / Latino,newsletter_signup,0.1
Measurement & modeling (1),race,Hispanic / Latino,trust_multidimensional,66.376
Measurement & modeling (1),race,Hispanic / Latino,trust_post,63.979
Measurement & modeling (1),race,Hispanic / Latino,distrust_post,33.48
Measurement & modeling (1),race,Hispanic / Latino,funding_perceptions,59.135
Measurement & modeling (1),race,Hispanic / Latino,policy_role_mean,58.223
Measurement & modeling (1),race,Hispanic / Latino,inst_trust_mean,55.328
Measurement & modeling (1),race,Hispanic / Latino,belief_post,62.885
Measurement & modeling (1),race,Hispanic / Latino,concern_mean,56.699
Measurement & modeling (1),race,Hispanic / Latino,policy_general,63.835
Measurement & modeling (1),race,Hispanic / Latino,policy_specific_mean,64.719
Measurement & modeling (1),race,Hispanic / Latino,behavior_mean,45.489
Measurement & modeling (1),race,Hispanic / Latino,donation_ams,2.027
Measurement & modeling (1),race,Hispanic / Latino,newsletter_signup,0.1
Measurement & modeling (2),race,Hispanic / Latino,trust_multidimensional,66.316
Measurement & modeling (2),race,Hispanic / Latino,trust_post,63.889
Measurement & modeling (2),race,Hispanic / Latino,distrust_post,33.537
Measurement & modeling (2),race,Hispanic / Latino,funding_perceptions,59.123
Measurement & modeling (2),race,Hispanic / Latino,policy_role_mean,58.223
Measurement & modeling (2),race,Hispanic / Latino,inst_trust_mean,55.291
Measurement & modeling (2),race,Hispanic / Latino,belief_post,62.735
Measurement & modeling (2),race,Hispanic / Latino,concern_mean,56.606
Measurement & modeling (2),race,Hispanic / Latino,policy_general,63.82
Measurement & modeling (2),race,Hispanic / Latino,policy_specific_mean,64.725
Measurement & modeling (2),race,Hispanic / Latino,behavior_mean,45.498
Measurement & modeling (2),race,Hispanic / Latino,donation_ams,2.025
Measurement & modeling (2),race,Hispanic / Latino,newsletter_signup,0.1
Model accuracy,race,Hispanic / Latino,trust_multidimensional,66.488
Model accuracy,race,Hispanic / Latino,trust_post,64.179
Model accuracy,race,Hispanic / Latino,distrust_post,33.327
Model accuracy,race,Hispanic / Latino,funding_perceptions,59.247
Model accuracy,race,Hispanic / Latino,policy_role_mean,58.262
Model accuracy,race,Hispanic / Latino,inst_trust_mean,55.35
Model accuracy,race,Hispanic / Latino,belief_post,63.192
Model accuracy,race,Hispanic / Latino,concern_mean,56.759
Model accuracy,race,Hispanic / Latino,policy_general,63.931
Model accuracy,race,Hispanic / Latino,policy_specific_mean,64.776
Model accuracy,race,Hispanic / Latino,behavior_mean,45.519
Model accuracy,race,Hispanic / Latino,donation_ams,2.029
Model accuracy,race,Hispanic / Latino,newsletter_signup,0.1
Oil industry misinformation,race,Hispanic / Latino,trust_multidimensional,66.609
Oil industry misinformation,race,Hispanic / Latino,trust_post,64.322
Oil industry misinformation,race,Hispanic / Latino,distrust_post,33.108
Oil industry misinformation,race,Hispanic / Latino,funding_perceptions,59.404
Oil industry misinformation,race,Hispanic / Latino,policy_role_mean,58.412
Oil industry misinformation,race,Hispanic / Latino,inst_trust_mean,55.373
Oil industry misinformation,race,Hispanic / Latino,belief_post,63.218
Oil industry misinformation,race,Hispanic / Latino,concern_mean,57.015
Oil industry misinformation,race,Hispanic / Latino,policy_general,64.125
Oil industry misinformation,race,Hispanic / Latino,policy_specific_mean,64.945
Oil industry misinformation,race,Hispanic / Latino,behavior_mean,45.611
Oil industry misinformation,race,Hispanic / Latino,donation_ams,2.032
Oil industry misinformation,race,Hispanic / Latino,newsletter_signup,0.1
Peer-review,race,Hispanic / Latino,trust_multidimensional,66.473
Peer-review,race,Hispanic / Latino,trust_post,64.128
Peer-review,race,Hispanic / Latino,distrust_post,33.364
Peer-review,race,Hispanic / Latino,funding_perceptions,59.16
Peer-review,race,Hispanic / Latino,policy_role_mean,58.255
Peer-review,race,Hispanic / Latino,inst_trust_mean,55.313
Peer-review,race,Hispanic / Latino,belief_post,62.839
Peer-review,race,Hispanic / Latino,concern_mean,56.667
Peer-review,race,Hispanic / Latino,policy_general,63.879
Peer-review,race,Hispanic / Latino,policy_specific_mean,64.76
Peer-review,race,Hispanic / Latino,behavior_mean,45.479
Peer-review,race,Hispanic / Latino,donation_ams,2.029
Peer-review,race,Hispanic / Latino,newsletter_signup,0.1
Portrait Prof. Cherry,race,Hispanic / Latino,trust_multidimensional,66.416
Portrait Prof. Cherry,race,Hispanic / Latino,trust_post,63.986
Portrait Prof. Cherry,race,Hispanic / Latino,distrust_post,33.454
Portrait Prof. Cherry,race,Hispanic / Latino,funding_perceptions,59.12
Portrait Prof. Cherry,race,Hispanic / Latino,policy_role_mean,58.372
Portrait Prof. Cherry,race,Hispanic / Latino,inst_trust_mean,55.313
Portrait Prof. Cherry,race,Hispanic / Latino,belief_post,62.707
Portrait Prof. Cherry,race,Hispanic / Latino,concern_mean,56.679
Portrait Prof. Cherry,race,Hispanic / Latino,policy_general,63.875
Portrait Prof. Cherry,race,Hispanic / Latino,policy_specific_mean,64.798
Portrait Prof. Cherry,race,Hispanic / Latino,behavior_mean,45.523
Portrait Prof. Cherry,race,Hispanic / Latino,donation_ams,2.031
Portrait Prof. Cherry,race,Hispanic / Latino,newsletter_signup,0.1
Scientist community helpers,race,Hispanic / Latino,trust_multidimensional,66.843
Scientist community helpers,race,Hispanic / Latino,trust_post,64.436
Scientist community helpers,race,Hispanic / Latino,distrust_post,33.176
Scientist community helpers,race,Hispanic / Latino,funding_perceptions,59.311
Scientist community helpers,race,Hispanic / Latino,policy_role_mean,58.549
Scientist community helpers,race,Hispanic / Latino,inst_trust_mean,55.435
Scientist community helpers,race,Hispanic / Latino,belief_post,62.837
Scientist community helpers,race,Hispanic / Latino,concern_mean,56.762
Scientist community helpers,race,Hispanic / Latino,policy_general,63.956
Scientist community helpers,race,Hispanic / Latino,policy_specific_mean,64.876
Scientist community helpers,race,Hispanic / Latino,behavior_mean,45.575
Scientist community helpers,race,Hispanic / Latino,donation_ams,2.032
Scientist community helpers,race,Hispanic / Latino,newsletter_signup,0.1
Social justice,race,Hispanic / Latino,trust_multidimensional,66.134
Social justice,race,Hispanic / Latino,trust_post,63.799
Social justice,race,Hispanic / Latino,distrust_post,33.559
Social justice,race,Hispanic / Latino,funding_perceptions,59.324
Social justice,race,Hispanic / Latino,policy_role_mean,58.447
Social justice,race,Hispanic / Latino,inst_trust_mean,55.304
Social justice,race,Hispanic / Latino,belief_post,62.82
Social justice,race,Hispanic / Latino,concern_mean,56.989
Social justice,race,Hispanic / Latino,policy_general,64.175
Social justice,race,Hispanic / Latino,policy_specific_mean,65.003
Social justice,race,Hispanic / Latino,behavior_mean,45.631
Social justice,race,Hispanic / Latino,donation_ams,2.029
Social justice,race,Hispanic / Latino,newsletter_signup,0.1
control,race,Other,trust_multidimensional,66.007
control,race,Other,trust_post,64.78
control,race,Other,distrust_post,33.185
control,race,Other,funding_perceptions,57.852
control,race,Other,policy_role_mean,57.817
control,race,Other,inst_trust_mean,56.775
control,race,Other,belief_post,64.013
control,race,Other,concern_mean,57.563
control,race,Other,policy_general,64.986
control,race,Other,policy_specific_mean,65.63
control,race,Other,behavior_mean,44.729
control,race,Other,donation_ams,2.062
control,race,Other,newsletter_signup,0.11
Consensus,race,Other,trust_multidimensional,67.436
Consensus,race,Other,trust_post,66.476
Consensus,race,Other,distrust_post,32.048
Consensus,race,Other,funding_perceptions,58.661
Consensus,race,Other,policy_role_mean,58.67
Consensus,race,Other,inst_trust_mean,57.354
Consensus,race,Other,belief_post,65.824
Consensus,race,Other,concern_mean,58.318
Consensus,race,Other,policy_general,65.652
Consensus,race,Other,policy_specific_mean,66.077
Consensus,race,Other,behavior_mean,45.089
Consensus,race,Other,donation_ams,2.102
Consensus,race,Other,newsletter_signup,0.114
Corporate reliance,race,Other,trust_multidimensional,67.351
Corporate reliance,race,Other,trust_post,66.324
Corporate reliance,race,Other,distrust_post,32.13
Corporate reliance,race,Other,funding_perceptions,58.55
Corporate reliance,race,Other,policy_role_mean,58.629
Corporate reliance,race,Other,inst_trust_mean,57.268
Corporate reliance,race,Other,belief_post,64.588
Corporate reliance,race,Other,concern_mean,58.022
Corporate reliance,race,Other,policy_general,65.454
Corporate reliance,race,Other,policy_specific_mean,65.996
Corporate reliance,race,Other,behavior_mean,45.022
Corporate reliance,race,Other,donation_ams,2.099
Corporate reliance,race,Other,newsletter_signup,0.114
Extreme weather predictions,race,Other,trust_multidimensional,67.261
Extreme weather predictions,race,Other,trust_post,66.171
Extreme weather predictions,race,Other,distrust_post,32.241
Extreme weather predictions,race,Other,funding_perceptions,58.61
Extreme weather predictions,race,Other,policy_role_mean,58.633
Extreme weather predictions,race,Other,inst_trust_mean,57.398
Extreme weather predictions,race,Other,belief_post,64.573
Extreme weather predictions,race,Other,concern_mean,58.131
Extreme weather predictions,race,Other,policy_general,65.441
Extreme weather predictions,race,Other,policy_specific_mean,65.972
Extreme weather predictions,race,Other,behavior_mean,45.014
Extreme weather predictions,race,Other,donation_ams,2.096
Extreme weather predictions,race,Other,newsletter_signup,0.114
Former skeptics,race,Other,trust_multidimensional,67.441
Former skeptics,race,Other,trust_post,66.436
Former skeptics,race,Other,distrust_post,31.984
Former skeptics,race,Other,funding_perceptions,58.64
Former skeptics,race,Other,policy_role_mean,58.766
Former skeptics,race,Other,inst_trust_mean,57.354
Former skeptics,race,Other,belief_post,64.999
Former skeptics,race,Other,concern_mean,58.237
Former skeptics,race,Other,policy_general,65.596
Former skeptics,race,Other,policy_specific_mean,66.095
Former skeptics,race,Other,behavior_mean,45.077
Former skeptics,race,Other,donation_ams,2.106
Former skeptics,race,Other,newsletter_signup,0.114
Funding,race,Other,trust_multidimensional,67.166
Funding,race,Other,trust_post,66.073
Funding,race,Other,distrust_post,32.236
Funding,race,Other,funding_perceptions,59.096
Funding,race,Other,policy_role_mean,57.956
Funding,race,Other,inst_trust_mean,57.306
Funding,race,Other,belief_post,64.492
Funding,race,Other,concern_mean,57.944
Funding,race,Other,policy_general,65.374
Funding,race,Other,policy_specific_mean,65.899
Funding,race,Other,behavior_mean,44.972
Funding,race,Other,donation_ams,2.095
Funding,race,Other,newsletter_signup,0.114
High public trust,race,Other,trust_multidimensional,67.417
High public trust,race,Other,trust_post,66.608
High public trust,race,Other,distrust_post,31.988
High public trust,race,Other,funding_perceptions,58.53
High public trust,race,Other,policy_role_mean,58.516
High public trust,race,Other,inst_trust_mean,57.301
High public trust,race,Other,belief_post,64.587
High public trust,race,Other,concern_mean,57.997
High public trust,race,Other,policy_general,65.425
High public trust,race,Other,policy_specific_mean,65.94
High public trust,race,Other,behavior_mean,44.998
High public trust,race,Other,donation_ams,2.097
High public trust,race,Other,newsletter_signup,0.114
Interview Prof. Maraun,race,Other,trust_multidimensional,67.477
Interview Prof. Maraun,race,Other,trust_post,66.285
Interview Prof. Maraun,race,Other,distrust_post,32.126
Interview Prof. Maraun,race,Other,funding_perceptions,58.511
Interview Prof. Maraun,race,Other,policy_role_mean,58.617
Interview Prof. Maraun,race,Other,inst_trust_mean,57.3
Interview Prof. Maraun,race,Other,belief_post,64.583
Interview Prof. Maraun,race,Other,concern_mean,57.999
Interview Prof. Maraun,race,Other,policy_general,65.378
Interview Prof. Maraun,race,Other,policy_specific_mean,65.92
Interview Prof. Maraun,race,Other,behavior_mean,45.006
Interview Prof. Maraun,race,Other,donation_ams,2.097
Interview Prof. Maraun,race,Other,newsletter_signup,0.114
Interview Prof. Sebille,race,Other,trust_multidimensional,67.379
Interview Prof. Sebille,race,Other,trust_post,66.227
Interview Prof. Sebille,race,Other,distrust_post,32.196
Interview Prof. Sebille,race,Other,funding_perceptions,58.548
Interview Prof. Sebille,race,Other,policy_role_mean,58.638
Interview Prof. Sebille,race,Other,inst_trust_mean,57.251
Interview Prof. Sebille,race,Other,belief_post,64.679
Interview Prof. Sebille,race,Other,concern_mean,58.272
Interview Prof. Sebille,race,Other,policy_general,65.537
Interview Prof. Sebille,race,Other,policy_specific_mean,66.029
Interview Prof. Sebille,race,Other,behavior_mean,45.067
Interview Prof. Sebille,race,Other,donation_ams,2.101
Interview Prof. Sebille,race,Other,newsletter_signup,0.114
Measurement & modeling (1),race,Other,trust_multidimensional,67.209
Measurement & modeling (1),race,Other,trust_post,66.085
Measurement & modeling (1),race,Other,distrust_post,32.296
Measurement & modeling (1),race,Other,funding_perceptions,58.475
Measurement & modeling (1),race,Other,policy_role_mean,58.513
Measurement & modeling (1),race,Other,inst_trust_mean,57.251
Measurement & modeling (1),race,Other,belief_post,64.677
Measurement & modeling (1),race,Other,concern_mean,58.029
Measurement & modeling (1),race,Other,policy_general,65.387
Measurement & modeling (1),race,Other,policy_specific_mean,65.912
Measurement & modeling (1),race,Other,behavior_mean,44.986
Measurement & modeling (1),race,Other,donation_ams,2.097
Measurement & modeling (1),race,Other,newsletter_signup,0.114
Measurement & modeling (2),race,Other,trust_multidimensional,67.151
Measurement & modeling (2),race,Other,trust_post,65.999
Measurement & modeling (2),race,Other,distrust_post,32.351
Measurement & modeling (2),race,Other,funding_perceptions,58.463
Measurement & modeling (2),race,Other,policy_role_mean,58.513
Measurement & modeling (2),race,Other,inst_trust_mean,57.216
Measurement & modeling (2),race,Other,belief_post,64.533
Measurement & modeling (2),race,Other,concern_mean,57.938
Measurement & modeling (2),race,Other,policy_general,65.372
Measurement & modeling (2),race,Other,policy_specific_mean,65.917
Measurement & modeling (2),race,Other,behavior_mean,44.995
Measurement & modeling (2),race,Other,donation_ams,2.096
Measurement & modeling (2),race,Other,newsletter_signup,0.114
Model accuracy,race,Other,trust_multidimensional,67.316
Model accuracy,race,Other,trust_post,66.278
Model accuracy,race,Other,distrust_post,32.147
Model accuracy,race,Other,funding_perceptions,58.589
Model accuracy,race,Other,policy_role_mean,58.551
Model accuracy,race,Other,inst_trust_mean,57.272
Model accuracy,race,Other,belief_post,64.972
Model accuracy,race,Other,concern_mean,58.087
Model accuracy,race,Other,policy_general,65.479
Model accuracy,race,Other,policy_specific_mean,65.966
Model accuracy,race,Other,behavior_mean,45.017
Model accuracy,race,Other,donation_ams,2.099
Model accuracy,race,Other,newsletter_signup,0.114
Oil industry misinformation,race,Other,trust_multidimensional,67.432
Oil industry misinformation,race,Other,trust_post,66.414
Oil industry misinformation,race,Other,distrust_post,31.936
Oil industry misinformation,race,Other,funding_perceptions,58.749
Oil industry misinformation,race,Other,policy_role_mean,58.698
Oil industry misinformation,race,Other,inst_trust_mean,57.294
Oil industry misinformation,race,Other,belief_post,64.997
Oil industry misinformation,race,Other,concern_mean,58.337
Oil industry misinformation,race,Other,policy_general,65.665
Oil industry misinformation,race,Other,policy_specific_mean,66.128
Oil industry misinformation,race,Other,behavior_mean,45.11
Oil industry misinformation,race,Other,donation_ams,2.102
Oil industry misinformation,race,Other,newsletter_signup,0.114
Peer-review,race,Other,trust_multidimensional,67.302
Peer-review,race,Other,trust_post,66.229
Peer-review,race,Other,distrust_post,32.184
Peer-review,race,Other,funding_perceptions,58.5
Peer-review,race,Other,policy_role_mean,58.545
Peer-review,race,Other,inst_trust_mean,57.237
Peer-review,race,Other,belief_post,64.633
Peer-review,race,Other,concern_mean,57.998
Peer-review,race,Other,policy_general,65.428
Peer-review,race,Other,policy_specific_mean,65.951
Peer-review,race,Other,behavior_mean,44.976
Peer-review,race,Other,donation_ams,2.099
Peer-review,race,Other,newsletter_signup,0.114
Portrait Prof. Cherry,race,Other,trust_multidimensional,67.247
Portrait Prof. Cherry,race,Other,trust_post,66.092
Portrait Prof. Cherry,race,Other,distrust_post,32.271
Portrait Prof. Cherry,race,Other,funding_perceptions,58.46
Portrait Prof. Cherry,race,Other,policy_role_mean,58.659
Portrait Prof. Cherry,race,Other,inst_trust_mean,57.237
Portrait Prof. Cherry,race,Other,belief_post,64.506
Portrait Prof. Cherry,race,Other,concern_mean,58.009
Portrait Prof. Cherry,race,Other,policy_general,65.425
Portrait Prof. Cherry,race,Other,policy_specific_mean,65.987
Portrait Prof. Cherry,race,Other,behavior_mean,45.021
Portrait Prof. Cherry,race,Other,donation_ams,2.101
Portrait Prof. Cherry,race,Other,newsletter_signup,0.114
Scientist community helpers,race,Other,trust_multidimensional,67.657
Scientist community helpers,race,Other,trust_post,66.524
Scientist community helpers,race,Other,distrust_post,32.001
Scientist community helpers,race,Other,funding_perceptions,58.655
Scientist community helpers,race,Other,policy_role_mean,58.831
Scientist community helpers,race,Other,inst_trust_mean,57.352
Scientist community helpers,race,Other,belief_post,64.631
Scientist community helpers,race,Other,concern_mean,58.09
Scientist community helpers,race,Other,policy_general,65.502
Scientist community helpers,race,Other,policy_specific_mean,66.061
Scientist community helpers,race,Other,behavior_mean,45.074
Scientist community helpers,race,Other,donation_ams,2.102
Scientist community helpers,race,Other,newsletter_signup,0.114
Social justice,race,Other,trust_multidimensional,66.976
Social justice,race,Other,trust_post,65.912
Social justice,race,Other,distrust_post,32.372
Social justice,race,Other,funding_perceptions,58.668
Social justice,race,Other,policy_role_mean,58.732
Social justice,race,Other,inst_trust_mean,57.229
Social justice,race,Other,belief_post,64.614
Social justice,race,Other,concern_mean,58.311
Social justice,race,Other,policy_general,65.712
Social justice,race,Other,policy_specific_mean,66.184
Social justice,race,Other,behavior_mean,45.131
Social justice,race,Other,donation_ams,2.099
Social justice,race,Other,newsletter_signup,0.114
control,race,White / Caucasian,trust_multidimensional,65.664
control,race,White / Caucasian,trust_post,63.623
control,race,White / Caucasian,distrust_post,33.931
control,race,White / Caucasian,funding_perceptions,57.86
control,race,White / Caucasian,policy_role_mean,57.785
control,race,White / Caucasian,inst_trust_mean,56.047
control,race,White / Caucasian,belief_post,64.511
control,race,White / Caucasian,concern_mean,57.101
control,race,White / Caucasian,policy_general,64.03
control,race,White / Caucasian,policy_specific_mean,64.539
control,race,White / Caucasian,behavior_mean,43.835
control,race,White / Caucasian,donation_ams,1.933
control,race,White / Caucasian,newsletter_signup,0.102
Consensus,race,White / Caucasian,trust_multidimensional,67.124
Consensus,race,White / Caucasian,trust_post,65.357
Consensus,race,White / Caucasian,distrust_post,32.771
Consensus,race,White / Caucasian,funding_perceptions,58.67
Consensus,race,White / Caucasian,policy_role_mean,58.647
Consensus,race,White / Caucasian,inst_trust_mean,56.638
Consensus,race,White / Caucasian,belief_post,66.307
Consensus,race,White / Caucasian,concern_mean,57.861
Consensus,race,White / Caucasian,policy_general,64.712
Consensus,race,White / Caucasian,policy_specific_mean,65.001
Consensus,race,White / Caucasian,behavior_mean,44.202
Consensus,race,White / Caucasian,donation_ams,1.973
Consensus,race,White / Caucasian,newsletter_signup,0.106
Corporate reliance,race,White / Caucasian,trust_multidimensional,67.038
Corporate reliance,race,White / Caucasian,trust_post,65.201
Corporate reliance,race,White / Caucasian,distrust_post,32.854
Corporate reliance,race,White / Caucasian,funding_perceptions,58.558
Corporate reliance,race,White / Caucasian,policy_role_mean,58.606
Corporate reliance,race,White / Caucasian,inst_trust_mean,56.551
Corporate reliance,race,White / Caucasian,belief_post,65.082
Corporate reliance,race,White / Caucasian,concern_mean,57.563
Corporate reliance,race,White / Caucasian,policy_general,64.509
Corporate reliance,race,White / Caucasian,policy_specific_mean,64.917
Corporate reliance,race,White / Caucasian,behavior_mean,44.134
Corporate reliance,race,White / Caucasian,donation_ams,1.971
Corporate reliance,race,White / Caucasian,newsletter_signup,0.106
Extreme weather predictions,race,White / Caucasian,trust_multidimensional,66.946
Extreme weather predictions,race,White / Caucasian,trust_post,65.045
Extreme weather predictions,race,White / Caucasian,distrust_post,32.968
Extreme weather predictions,race,White / Caucasian,funding_perceptions,58.619
Extreme weather predictions,race,White / Caucasian,policy_role_mean,58.61
Extreme weather predictions,race,White / Caucasian,inst_trust_mean,56.683
Extreme weather predictions,race,White / Caucasian,belief_post,65.067
Extreme weather predictions,race,White / Caucasian,concern_mean,57.673
Extreme weather predictions,race,White / Caucasian,policy_general,64.496
Extreme weather predictions,race,White / Caucasian,policy_specific_mean,64.892
Extreme weather predictions,race,White / Caucasian,behavior_mean,44.125
Extreme weather predictions,race,White / Caucasian,donation_ams,1.967
Extreme weather predictions,race,White / Caucasian,newsletter_signup,0.106
Former skeptics,race,White / Caucasian,trust_multidimensional,67.13
Former skeptics,race,White / Caucasian,trust_post,65.316
Former skeptics,race,White / Caucasian,distrust_post,32.706
Former skeptics,race,White / Caucasian,funding_perceptions,58.649
Former skeptics,race,White / Caucasian,policy_role_mean,58.745
Former skeptics,race,White / Caucasian,inst_trust_mean,56.639
Former skeptics,race,White / Caucasian,belief_post,65.49
Former skeptics,race,White / Caucasian,concern_mean,57.78
Former skeptics,race,White / Caucasian,policy_general,64.654
Former skeptics,race,White / Caucasian,policy_specific_mean,65.02
Former skeptics,race,White / Caucasian,behavior_mean,44.189
Former skeptics,race,White / Caucasian,donation_ams,1.978
Former skeptics,race,White / Caucasian,newsletter_signup,0.106
Funding,race,White / Caucasian,trust_multidimensional,66.848
Funding,race,White / Caucasian,trust_post,64.945
Funding,race,White / Caucasian,distrust_post,32.962
Funding,race,White / Caucasian,funding_perceptions,59.105
Funding,race,White / Caucasian,policy_role_mean,57.925
Funding,race,White / Caucasian,inst_trust_mean,56.59
Funding,race,White / Caucasian,belief_post,64.986
Funding,race,White / Caucasian,concern_mean,57.485
Funding,race,White / Caucasian,policy_general,64.427
Funding,race,White / Caucasian,policy_specific_mean,64.816
Funding,race,White / Caucasian,behavior_mean,44.082
Funding,race,White / Caucasian,donation_ams,1.966
Funding,race,White / Caucasian,newsletter_signup,0.106
High public trust,race,White / Caucasian,trust_multidimensional,67.105
High public trust,race,White / Caucasian,trust_post,65.491
High public trust,race,White / Caucasian,distrust_post,32.709
High public trust,race,White / Caucasian,funding_perceptions,58.539
High public trust,race,White / Caucasian,policy_role_mean,58.492
High public trust,race,White / Caucasian,inst_trust_mean,56.584
High public trust,race,White / Caucasian,belief_post,65.081
High public trust,race,White / Caucasian,concern_mean,57.539
High public trust,race,White / Caucasian,policy_general,64.48
High public trust,race,White / Caucasian,policy_specific_mean,64.859
High public trust,race,White / Caucasian,behavior_mean,44.109
High public trust,race,White / Caucasian,donation_ams,1.969
High public trust,race,White / Caucasian,newsletter_signup,0.106
Interview Prof. Maraun,race,White / Caucasian,trust_multidimensional,67.166
Interview Prof. Maraun,race,White / Caucasian,trust_post,65.161
Interview Prof. Maraun,race,White / Caucasian,distrust_post,32.851
Interview Prof. Maraun,race,White / Caucasian,funding_perceptions,58.52
Interview Prof. Maraun,race,White / Caucasian,policy_role_mean,58.594
Interview Prof. Maraun,race,White / Caucasian,inst_trust_mean,56.583
Interview Prof. Maraun,race,White / Caucasian,belief_post,65.077
Interview Prof. Maraun,race,White / Caucasian,concern_mean,57.541
Interview Prof. Maraun,race,White / Caucasian,policy_general,64.432
Interview Prof. Maraun,race,White / Caucasian,policy_specific_mean,64.839
Interview Prof. Maraun,race,White / Caucasian,behavior_mean,44.117
Interview Prof. Maraun,race,White / Caucasian,donation_ams,1.969
Interview Prof. Maraun,race,White / Caucasian,newsletter_signup,0.106
Interview Prof. Sebille,race,White / Caucasian,trust_multidimensional,67.066
Interview Prof. Sebille,race,White / Caucasian,trust_post,65.102
Interview Prof. Sebille,race,White / Caucasian,distrust_post,32.922
Interview Prof. Sebille,race,White / Caucasian,funding_perceptions,58.557
Interview Prof. Sebille,race,White / Caucasian,policy_role_mean,58.615
Interview Prof. Sebille,race,White / Caucasian,inst_trust_mean,56.533
Interview Prof. Sebille,race,White / Caucasian,belief_post,65.172
Interview Prof. Sebille,race,White / Caucasian,concern_mean,57.815
Interview Prof. Sebille,race,White / Caucasian,policy_general,64.594
Interview Prof. Sebille,race,White / Caucasian,policy_specific_mean,64.951
Interview Prof. Sebille,race,White / Caucasian,behavior_mean,44.18
Interview Prof. Sebille,race,White / Caucasian,donation_ams,1.973
Interview Prof. Sebille,race,White / Caucasian,newsletter_signup,0.106
Measurement & modeling (1),race,White / Caucasian,trust_multidimensional,66.892
Measurement & modeling (1),race,White / Caucasian,trust_post,64.957
Measurement & modeling (1),race,White / Caucasian,distrust_post,33.024
Measurement & modeling (1),race,White / Caucasian,funding_perceptions,58.484
Measurement & modeling (1),race,White / Caucasian,policy_role_mean,58.488
Measurement & modeling (1),race,White / Caucasian,inst_trust_mean,56.534
Measurement & modeling (1),race,White / Caucasian,belief_post,65.171
Measurement & modeling (1),race,White / Caucasian,concern_mean,57.57
Measurement & modeling (1),race,White / Caucasian,policy_general,64.44
Measurement & modeling (1),race,White / Caucasian,policy_specific_mean,64.83
Measurement & modeling (1),race,White / Caucasian,behavior_mean,44.097
Measurement & modeling (1),race,White / Caucasian,donation_ams,1.969
Measurement & modeling (1),race,White / Caucasian,newsletter_signup,0.106
Measurement & modeling (2),race,White / Caucasian,trust_multidimensional,66.833
Measurement & modeling (2),race,White / Caucasian,trust_post,64.869
Measurement & modeling (2),race,White / Caucasian,distrust_post,33.08
Measurement & modeling (2),race,White / Caucasian,funding_perceptions,58.471
Measurement & modeling (2),race,White / Caucasian,policy_role_mean,58.489
Measurement & modeling (2),race,White / Caucasian,inst_trust_mean,56.498
Measurement & modeling (2),race,White / Caucasian,belief_post,65.028
Measurement & modeling (2),race,White / Caucasian,concern_mean,57.479
Measurement & modeling (2),race,White / Caucasian,policy_general,64.425
Measurement & modeling (2),race,White / Caucasian,policy_specific_mean,64.835
Measurement & modeling (2),race,White / Caucasian,behavior_mean,44.106
Measurement & modeling (2),race,White / Caucasian,donation_ams,1.967
Measurement & modeling (2),race,White / Caucasian,newsletter_signup,0.106
Model accuracy,race,White / Caucasian,trust_multidimensional,67.002
Model accuracy,race,White / Caucasian,trust_post,65.154
Model accuracy,race,White / Caucasian,distrust_post,32.872
Model accuracy,race,White / Caucasian,funding_perceptions,58.598
Model accuracy,race,White / Caucasian,policy_role_mean,58.527
Model accuracy,race,White / Caucasian,inst_trust_mean,56.555
Model accuracy,race,White / Caucasian,belief_post,65.463
Model accuracy,race,White / Caucasian,concern_mean,57.629
Model accuracy,race,White / Caucasian,policy_general,64.535
Model accuracy,race,White / Caucasian,policy_specific_mean,64.885
Model accuracy,race,White / Caucasian,behavior_mean,44.129
Model accuracy,race,White / Caucasian,donation_ams,1.971
Model accuracy,race,White / Caucasian,newsletter_signup,0.106
Oil industry misinformation,race,White / Caucasian,trust_multidimensional,67.12
Oil industry misinformation,race,White / Caucasian,trust_post,65.294
Oil industry misinformation,race,White / Caucasian,distrust_post,32.656
Oil industry misinformation,race,White / Caucasian,funding_perceptions,58.758
Oil industry misinformation,race,White / Caucasian,policy_role_mean,58.676
Oil industry misinformation,race,White / Caucasian,inst_trust_mean,56.577
Oil industry misinformation,race,White / Caucasian,belief_post,65.488
Oil industry misinformation,race,White / Caucasian,concern_mean,57.881
Oil industry misinformation,race,White / Caucasian,policy_general,64.725
Oil industry misinformation,race,White / Caucasian,policy_specific_mean,65.054
Oil industry misinformation,race,White / Caucasian,behavior_mean,44.224
Oil industry misinformation,race,White / Caucasian,donation_ams,1.974
Oil industry misinformation,race,White / Caucasian,newsletter_signup,0.106
Peer-review,race,White / Caucasian,trust_multidimensional,66.988
Peer-review,race,White / Caucasian,trust_post,65.104
Peer-review,race,White / Caucasian,distrust_post,32.909
Peer-review,race,White / Caucasian,funding_perceptions,58.509
Peer-review,race,White / Caucasian,policy_role_mean,58.521
Peer-review,race,White / Caucasian,inst_trust_mean,56.519
Peer-review,race,White / Caucasian,belief_post,65.126
Peer-review,race,White / Caucasian,concern_mean,57.539
Peer-review,race,White / Caucasian,policy_general,64.483
Peer-review,race,White / Caucasian,policy_specific_mean,64.87
Peer-review,race,White / Caucasian,behavior_mean,44.087
Peer-review,race,White / Caucasian,donation_ams,1.971
Peer-review,race,White / Caucasian,newsletter_signup,0.106
Portrait Prof. Cherry,race,White / Caucasian,trust_multidimensional,66.931
Portrait Prof. Cherry,race,White / Caucasian,trust_post,64.964
Portrait Prof. Cherry,race,White / Caucasian,distrust_post,32.999
Portrait Prof. Cherry,race,White / Caucasian,funding_perceptions,58.468
Portrait Prof. Cherry,race,White / Caucasian,policy_role_mean,58.636
Portrait Prof. Cherry,race,White / Caucasian,inst_trust_mean,56.519
Portrait Prof. Cherry,race,White / Caucasian,belief_post,65.001
Portrait Prof. Cherry,race,White / Caucasian,concern_mean,57.55
Portrait Prof. Cherry,race,White / Caucasian,policy_general,64.479
Portrait Prof. Cherry,race,White / Caucasian,policy_specific_mean,64.908
Portrait Prof. Cherry,race,White / Caucasian,behavior_mean,44.132
Portrait Prof. Cherry,race,White / Caucasian,donation_ams,1.973
Portrait Prof. Cherry,race,White / Caucasian,newsletter_signup,0.106
Scientist community helpers,race,White / Caucasian,trust_multidimensional,67.35
Scientist community helpers,race,White / Caucasian,trust_post,65.406
Scientist community helpers,race,White / Caucasian,distrust_post,32.723
Scientist community helpers,race,White / Caucasian,funding_perceptions,58.664
Scientist community helpers,race,White / Caucasian,policy_role_mean,58.811
Scientist community helpers,race,White / Caucasian,inst_trust_mean,56.637
Scientist community helpers,race,White / Caucasian,belief_post,65.125
Scientist community helpers,race,White / Caucasian,concern_mean,57.632
Scientist community helpers,race,White / Caucasian,policy_general,64.559
Scientist community helpers,race,White / Caucasian,policy_specific_mean,64.985
Scientist community helpers,race,White / Caucasian,behavior_mean,44.187
Scientist community helpers,race,White / Caucasian,donation_ams,1.973
Scientist community helpers,race,White / Caucasian,newsletter_signup,0.106
Social justice,race,White / Caucasian,trust_multidimensional,66.654
Social justice,race,White / Caucasian,trust_post,64.781
Social justice,race,White / Caucasian,distrust_post,33.101
Social justice,race,White / Caucasian,funding_perceptions,58.677
Social justice,race,White / Caucasian,policy_role_mean,58.711
Social justice,race,White / Caucasian,inst_trust_mean,56.511
Social justice,race,White / Caucasian,belief_post,65.108
Social justice,race,White / Caucasian,concern_mean,57.855
Social justice,race,White / Caucasian,policy_general,64.774
Social justice,race,White / Caucasian,policy_specific_mean,65.111
Social justice,race,White / Caucasian,behavior_mean,44.245
Social justice,race,White / Caucasian,donation_ams,1.97
Social justice,race,White / Caucasian,newsletter_signup,0.106
control,education,Bachelor's degree,trust_multidimensional,67.645
control,education,Bachelor's degree,trust_post,66.355
control,education,Bachelor's degree,distrust_post,32.539
control,education,Bachelor's degree,funding_perceptions,59.288
control,education,Bachelor's degree,policy_role_mean,59.13
control,education,Bachelor's degree,inst_trust_mean,58.466
control,education,Bachelor's degree,belief_post,67.486
control,education,Bachelor's degree,concern_mean,58.603
control,education,Bachelor's degree,policy_general,65.414
control,education,Bachelor's degree,policy_specific_mean,65.891
control,education,Bachelor's degree,behavior_mean,45.12
control,education,Bachelor's degree,donation_ams,1.996
control,education,Bachelor's degree,newsletter_signup,0.104
Consensus,education,Bachelor's degree,trust_multidimensional,68.99
Consensus,education,Bachelor's degree,trust_post,67.952
Consensus,education,Bachelor's degree,distrust_post,31.421
Consensus,education,Bachelor's degree,funding_perceptions,60.071
Consensus,education,Bachelor's degree,policy_role_mean,59.961
Consensus,education,Bachelor's degree,inst_trust_mean,59.016
Consensus,education,Bachelor's degree,belief_post,69.157
Consensus,education,Bachelor's degree,concern_mean,59.339
Consensus,education,Bachelor's degree,policy_general,66.072
Consensus,education,Bachelor's degree,policy_specific_mean,66.337
Consensus,education,Bachelor's degree,behavior_mean,45.475
Consensus,education,Bachelor's degree,donation_ams,2.035
Consensus,education,Bachelor's degree,newsletter_signup,0.108
Corporate reliance,education,Bachelor's degree,trust_multidimensional,68.91
Corporate reliance,education,Bachelor's degree,trust_post,67.808
Corporate reliance,education,Bachelor's degree,distrust_post,31.501
Corporate reliance,education,Bachelor's degree,funding_perceptions,59.964
Corporate reliance,education,Bachelor's degree,policy_role_mean,59.921
Corporate reliance,education,Bachelor's degree,inst_trust_mean,58.935
Corporate reliance,education,Bachelor's degree,belief_post,68.017
Corporate reliance,education,Bachelor's degree,concern_mean,59.05
Corporate reliance,education,Bachelor's degree,policy_general,65.877
Corporate reliance,education,Bachelor's degree,policy_specific_mean,66.256
Corporate reliance,education,Bachelor's degree,behavior_mean,45.409
Corporate reliance,education,Bachelor's degree,donation_ams,2.033
Corporate reliance,education,Bachelor's degree,newsletter_signup,0.108
Extreme weather predictions,education,Bachelor's degree,trust_multidimensional,68.826
Extreme weather predictions,education,Bachelor's degree,trust_post,67.664
Extreme weather predictions,education,Bachelor's degree,distrust_post,31.611
Extreme weather predictions,education,Bachelor's degree,funding_perceptions,60.023
Extreme weather predictions,education,Bachelor's degree,policy_role_mean,59.925
Extreme weather predictions,education,Bachelor's degree,inst_trust_mean,59.058
Extreme weather predictions,education,Bachelor's degree,belief_post,68.003
Extreme weather predictions,education,Bachelor's degree,concern_mean,59.157
Extreme weather predictions,education,Bachelor's degree,policy_general,65.864
Extreme weather predictions,education,Bachelor's degree,policy_specific_mean,66.233
Extreme weather predictions,education,Bachelor's degree,behavior_mean,45.401
Extreme weather predictions,education,Bachelor's degree,donation_ams,2.03
Extreme weather predictions,education,Bachelor's degree,newsletter_signup,0.108
Former skeptics,education,Bachelor's degree,trust_multidimensional,68.995
Former skeptics,education,Bachelor's degree,trust_post,67.914
Former skeptics,education,Bachelor's degree,distrust_post,31.357
Former skeptics,education,Bachelor's degree,funding_perceptions,60.051
Former skeptics,education,Bachelor's degree,policy_role_mean,60.055
Former skeptics,education,Bachelor's degree,inst_trust_mean,59.017
Former skeptics,education,Bachelor's degree,belief_post,68.396
Former skeptics,education,Bachelor's degree,concern_mean,59.26
Former skeptics,education,Bachelor's degree,policy_general,66.017
Former skeptics,education,Bachelor's degree,policy_specific_mean,66.356
Former skeptics,education,Bachelor's degree,behavior_mean,45.463
Former skeptics,education,Bachelor's degree,donation_ams,2.04
Former skeptics,education,Bachelor's degree,newsletter_signup,0.108
Funding,education,Bachelor's degree,trust_multidimensional,68.736
Funding,education,Bachelor's degree,trust_post,67.572
Funding,education,Bachelor's degree,distrust_post,31.605
Funding,education,Bachelor's degree,funding_perceptions,60.493
Funding,education,Bachelor's degree,policy_role_mean,59.265
Funding,education,Bachelor's degree,inst_trust_mean,58.971
Funding,education,Bachelor's degree,belief_post,67.928
Funding,education,Bachelor's degree,concern_mean,58.975
Funding,education,Bachelor's degree,policy_general,65.797
Funding,education,Bachelor's degree,policy_specific_mean,66.159
Funding,education,Bachelor's degree,behavior_mean,45.359
Funding,education,Bachelor's degree,donation_ams,2.028
Funding,education,Bachelor's degree,newsletter_signup,0.107
High public trust,education,Bachelor's degree,trust_multidimensional,68.973
High public trust,education,Bachelor's degree,trust_post,68.075
High public trust,education,Bachelor's degree,distrust_post,31.361
High public trust,education,Bachelor's degree,funding_perceptions,59.945
High public trust,education,Bachelor's degree,policy_role_mean,59.811
High public trust,education,Bachelor's degree,inst_trust_mean,58.966
High public trust,education,Bachelor's degree,belief_post,68.016
High public trust,education,Bachelor's degree,concern_mean,59.027
High public trust,education,Bachelor's degree,policy_general,65.848
High public trust,education,Bachelor's degree,policy_specific_mean,66.2
High public trust,education,Bachelor's degree,behavior_mean,45.385
High public trust,education,Bachelor's degree,donation_ams,2.031
High public trust,education,Bachelor's degree,newsletter_signup,0.108
Interview Prof. Maraun,education,Bachelor's degree,trust_multidimensional,69.029
Interview Prof. Maraun,education,Bachelor's degree,trust_post,67.771
Interview Prof. Maraun,education,Bachelor's degree,distrust_post,31.497
Interview Prof. Maraun,education,Bachelor's degree,funding_perceptions,59.927
Interview Prof. Maraun,education,Bachelor's degree,policy_role_mean,59.91
Interview Prof. Maraun,education,Bachelor's degree,inst_trust_mean,58.965
Interview Prof. Maraun,education,Bachelor's degree,belief_post,68.012
Interview Prof. Maraun,education,Bachelor's degree,concern_mean,59.029
Interview Prof. Maraun,education,Bachelor's degree,policy_general,65.802
Interview Prof. Maraun,education,Bachelor's degree,policy_specific_mean,66.181
Interview Prof. Maraun,education,Bachelor's degree,behavior_mean,45.393
Interview Prof. Maraun,education,Bachelor's degree,donation_ams,2.031
Interview Prof. Maraun,education,Bachelor's degree,newsletter_signup,0.108
Interview Prof. Sebille,education,Bachelor's degree,trust_multidimensional,68.937
Interview Prof. Sebille,education,Bachelor's degree,trust_post,67.717
Interview Prof. Sebille,education,Bachelor's degree,distrust_post,31.566
Interview Prof. Sebille,education,Bachelor's degree,funding_perceptions,59.962
Interview Prof. Sebille,education,Bachelor's degree,policy_role_mean,59.93
Interview Prof. Sebille,education,Bachelor's degree,inst_trust_mean,58.918
Interview Prof. Sebille,education,Bachelor's degree,belief_post,68.101
Interview Prof. Sebille,education,Bachelor's degree,concern_mean,59.294
Interview Prof. Sebille,education,Bachelor's degree,policy_general,65.958
Interview Prof. Sebille,education,Bachelor's degree,policy_specific_mean,66.289
Interview Prof. Sebille,education,Bachelor's degree,behavior_mean,45.453
Interview Prof. Sebille,education,Bachelor's degree,donation_ams,2.035
Interview Prof. Sebille,education,Bachelor's degree,newsletter_signup,0.108
Measurement & modeling (1),education,Bachelor's degree,trust_multidimensional,68.776
Measurement & modeling (1),education,Bachelor's degree,trust_post,67.583
Measurement & modeling (1),education,Bachelor's degree,distrust_post,31.664
Measurement & modeling (1),education,Bachelor's degree,funding_perceptions,59.892
Measurement & modeling (1),education,Bachelor's degree,policy_role_mean,59.808
Measurement & modeling (1),education,Bachelor's degree,inst_trust_mean,58.919
Measurement & modeling (1),education,Bachelor's degree,belief_post,68.099
Measurement & modeling (1),education,Bachelor's degree,concern_mean,59.057
Measurement & modeling (1),education,Bachelor's degree,policy_general,65.81
Measurement & modeling (1),education,Bachelor's degree,policy_specific_mean,66.172
Measurement & modeling (1),education,Bachelor's degree,behavior_mean,45.374
Measurement & modeling (1),education,Bachelor's degree,donation_ams,2.031
Measurement & modeling (1),education,Bachelor's degree,newsletter_signup,0.107
Measurement & modeling (2),education,Bachelor's degree,trust_multidimensional,68.722
Measurement & modeling (2),education,Bachelor's degree,trust_post,67.502
Measurement & modeling (2),education,Bachelor's degree,distrust_post,31.719
Measurement & modeling (2),education,Bachelor's degree,funding_perceptions,59.88
Measurement & modeling (2),education,Bachelor's degree,policy_role_mean,59.809
Measurement & modeling (2),education,Bachelor's degree,inst_trust_mean,58.886
Measurement & modeling (2),education,Bachelor's degree,belief_post,67.966
Measurement & modeling (2),education,Bachelor's degree,concern_mean,58.969
Measurement & modeling (2),education,Bachelor's degree,policy_general,65.796
Measurement & modeling (2),education,Bachelor's degree,policy_specific_mean,66.178
Measurement & modeling (2),education,Bachelor's degree,behavior_mean,45.382
Measurement & modeling (2),education,Bachelor's degree,donation_ams,2.029
Measurement & modeling (2),education,Bachelor's degree,newsletter_signup,0.107
Model accuracy,education,Bachelor's degree,trust_multidimensional,68.877
Model accuracy,education,Bachelor's degree,trust_post,67.764
Model accuracy,education,Bachelor's degree,distrust_post,31.518
Model accuracy,education,Bachelor's degree,funding_perceptions,60.002
Model accuracy,education,Bachelor's degree,policy_role_mean,59.845
Model accuracy,education,Bachelor's degree,inst_trust_mean,58.938
Model accuracy,education,Bachelor's degree,belief_post,68.371
Model accuracy,education,Bachelor's degree,concern_mean,59.114
Model accuracy,education,Bachelor's degree,policy_general,65.901
Model accuracy,education,Bachelor's degree,policy_specific_mean,66.226
Model accuracy,education,Bachelor's degree,behavior_mean,45.404
Model accuracy,education,Bachelor's degree,donation_ams,2.033
Model accuracy,education,Bachelor's degree,newsletter_signup,0.108
Oil industry misinformation,education,Bachelor's degree,trust_multidimensional,68.987
Oil industry misinformation,education,Bachelor's degree,trust_post,67.893
Oil industry misinformation,education,Bachelor's degree,distrust_post,31.31
Oil industry misinformation,education,Bachelor's degree,funding_perceptions,60.156
Oil industry misinformation,education,Bachelor's degree,policy_role_mean,59.988
Oil industry misinformation,education,Bachelor's degree,inst_trust_mean,58.959
Oil industry misinformation,education,Bachelor's degree,belief_post,68.394
Oil industry misinformation,education,Bachelor's degree,concern_mean,59.357
Oil industry misinformation,education,Bachelor's degree,policy_general,66.085
Oil industry misinformation,education,Bachelor's degree,policy_specific_mean,66.388
Oil industry misinformation,education,Bachelor's degree,behavior_mean,45.496
Oil industry misinformation,education,Bachelor's degree,donation_ams,2.036
Oil industry misinformation,education,Bachelor's degree,newsletter_signup,0.108
Peer-review,education,Bachelor's degree,trust_multidimensional,68.864
Peer-review,education,Bachelor's degree,trust_post,67.718
Peer-review,education,Bachelor's degree,distrust_post,31.554
Peer-review,education,Bachelor's degree,funding_perceptions,59.916
Peer-review,education,Bachelor's degree,policy_role_mean,59.839
Peer-review,education,Bachelor's degree,inst_trust_mean,58.905
Peer-review,education,Bachelor's degree,belief_post,68.058
Peer-review,education,Bachelor's degree,concern_mean,59.027
Peer-review,education,Bachelor's degree,policy_general,65.851
Peer-review,education,Bachelor's degree,policy_specific_mean,66.211
Peer-review,education,Bachelor's degree,behavior_mean,45.364
Peer-review,education,Bachelor's degree,donation_ams,2.033
Peer-review,education,Bachelor's degree,newsletter_signup,0.108
Portrait Prof. Cherry,education,Bachelor's degree,trust_multidimensional,68.812
Portrait Prof. Cherry,education,Bachelor's degree,trust_post,67.59
Portrait Prof. Cherry,education,Bachelor's degree,distrust_post,31.64
Portrait Prof. Cherry,education,Bachelor's degree,funding_perceptions,59.877
Portrait Prof. Cherry,education,Bachelor's degree,policy_role_mean,59.95
Portrait Prof. Cherry,education,Bachelor's degree,inst_trust_mean,58.905
Portrait Prof. Cherry,education,Bachelor's degree,belief_post,67.941
Portrait Prof. Cherry,education,Bachelor's degree,concern_mean,59.038
Portrait Prof. Cherry,education,Bachelor's degree,policy_general,65.848
Portrait Prof. Cherry,education,Bachelor's degree,policy_specific_mean,66.247
Portrait Prof. Cherry,education,Bachelor's degree,behavior_mean,45.408
Portrait Prof. Cherry,education,Bachelor's degree,donation_ams,2.035
Portrait Prof. Cherry,education,Bachelor's degree,newsletter_signup,0.108
Scientist community helpers,education,Bachelor's degree,trust_multidimensional,69.198
Scientist community helpers,education,Bachelor's degree,trust_post,67.996
Scientist community helpers,education,Bachelor's degree,distrust_post,31.374
Scientist community helpers,education,Bachelor's degree,funding_perceptions,60.066
Scientist community helpers,education,Bachelor's degree,policy_role_mean,60.119
Scientist community helpers,education,Bachelor's degree,inst_trust_mean,59.015
Scientist community helpers,education,Bachelor's degree,belief_post,68.057
Scientist community helpers,education,Bachelor's degree,concern_mean,59.117
Scientist community helpers,education,Bachelor's degree,policy_general,65.925
Scientist community helpers,education,Bachelor's degree,policy_specific_mean,66.322
Scientist community helpers,education,Bachelor's degree,behavior_mean,45.46
Scientist community helpers,education,Bachelor's degree,donation_ams,2.036
Scientist community helpers,education,Bachelor's degree,newsletter_signup,0.108
Social justice,education,Bachelor's degree,trust_multidimensional,68.557
Social justice,education,Bachelor's degree,trust_post,67.421
Social justice,education,Bachelor's degree,distrust_post,31.739
Social justice,education,Bachelor's degree,funding_perceptions,60.078
Social justice,education,Bachelor's degree,policy_role_mean,60.022
Social justice,education,Bachelor's degree,inst_trust_mean,58.897
Social justice,education,Bachelor's degree,belief_post,68.041
Social justice,education,Bachelor's degree,concern_mean,59.332
Social justice,education,Bachelor's degree,policy_general,66.132
Social justice,education,Bachelor's degree,policy_specific_mean,66.444
Social justice,education,Bachelor's degree,behavior_mean,45.516
Social justice,education,Bachelor's degree,donation_ams,2.032
Social justice,education,Bachelor's degree,newsletter_signup,0.108
control,education,Doctorate degree / Ph.D.,trust_multidimensional,68.573
control,education,Doctorate degree / Ph.D.,trust_post,68.474
control,education,Doctorate degree / Ph.D.,distrust_post,31.507
control,education,Doctorate degree / Ph.D.,funding_perceptions,60.48
control,education,Doctorate degree / Ph.D.,policy_role_mean,58.119
control,education,Doctorate degree / Ph.D.,inst_trust_mean,60.95
control,education,Doctorate degree / Ph.D.,belief_post,70.211
control,education,Doctorate degree / Ph.D.,concern_mean,59.956
control,education,Doctorate degree / Ph.D.,policy_general,66.812
control,education,Doctorate degree / Ph.D.,policy_specific_mean,65.125
control,education,Doctorate degree / Ph.D.,behavior_mean,45.067
control,education,Doctorate degree / Ph.D.,donation_ams,1.931
control,education,Doctorate degree / Ph.D.,newsletter_signup,0.099
Consensus,education,Doctorate degree / Ph.D.,trust_multidimensional,69.819
Consensus,education,Doctorate degree / Ph.D.,trust_post,69.953
Consensus,education,Doctorate degree / Ph.D.,distrust_post,30.419
Consensus,education,Doctorate degree / Ph.D.,funding_perceptions,61.228
Consensus,education,Doctorate degree / Ph.D.,policy_role_mean,58.966
Consensus,education,Doctorate degree / Ph.D.,inst_trust_mean,61.454
Consensus,education,Doctorate degree / Ph.D.,belief_post,71.768
Consensus,education,Doctorate degree / Ph.D.,concern_mean,60.66
Consensus,education,Doctorate degree / Ph.D.,policy_general,67.448
Consensus,education,Doctorate degree / Ph.D.,policy_specific_mean,65.575
Consensus,education,Doctorate degree / Ph.D.,behavior_mean,45.422
Consensus,education,Doctorate degree / Ph.D.,donation_ams,1.971
Consensus,education,Doctorate degree / Ph.D.,newsletter_signup,0.103
Corporate reliance,education,Doctorate degree / Ph.D.,trust_multidimensional,69.745
Corporate reliance,education,Doctorate degree / Ph.D.,trust_post,69.82
Corporate reliance,education,Doctorate degree / Ph.D.,distrust_post,30.496
Corporate reliance,education,Doctorate degree / Ph.D.,funding_perceptions,61.126
Corporate reliance,education,Doctorate degree / Ph.D.,policy_role_mean,58.925
Corporate reliance,education,Doctorate degree / Ph.D.,inst_trust_mean,61.379
Corporate reliance,education,Doctorate degree / Ph.D.,belief_post,70.706
Corporate reliance,education,Doctorate degree / Ph.D.,concern_mean,60.384
Corporate reliance,education,Doctorate degree / Ph.D.,policy_general,67.259
Corporate reliance,education,Doctorate degree / Ph.D.,policy_specific_mean,65.493
Corporate reliance,education,Doctorate degree / Ph.D.,behavior_mean,45.356
Corporate reliance,education,Doctorate degree / Ph.D.,donation_ams,1.968
Corporate reliance,education,Doctorate degree / Ph.D.,newsletter_signup,0.102
Extreme weather predictions,education,Doctorate degree / Ph.D.,trust_multidimensional,69.667
Extreme weather predictions,education,Doctorate degree / Ph.D.,trust_post,69.687
Extreme weather predictions,education,Doctorate degree / Ph.D.,distrust_post,30.603
Extreme weather predictions,education,Doctorate degree / Ph.D.,funding_perceptions,61.182
Extreme weather predictions,education,Doctorate degree / Ph.D.,policy_role_mean,58.929
Extreme weather predictions,education,Doctorate degree / Ph.D.,inst_trust_mean,61.492
Extreme weather predictions,education,Doctorate degree / Ph.D.,belief_post,70.693
Extreme weather predictions,education,Doctorate degree / Ph.D.,concern_mean,60.486
Extreme weather predictions,education,Doctorate degree / Ph.D.,policy_general,67.246
Extreme weather predictions,education,Doctorate degree / Ph.D.,policy_specific_mean,65.469
Extreme weather predictions,education,Doctorate degree / Ph.D.,behavior_mean,45.348
Extreme weather predictions,education,Doctorate degree / Ph.D.,donation_ams,1.965
Extreme weather predictions,education,Doctorate degree / Ph.D.,newsletter_signup,0.103
Former skeptics,education,Doctorate degree / Ph.D.,trust_multidimensional,69.824
Former skeptics,education,Doctorate degree / Ph.D.,trust_post,69.918
Former skeptics,education,Doctorate degree / Ph.D.,distrust_post,30.357
Former skeptics,education,Doctorate degree / Ph.D.,funding_perceptions,61.209
Former skeptics,education,Doctorate degree / Ph.D.,policy_role_mean,59.061
Former skeptics,education,Doctorate degree / Ph.D.,inst_trust_mean,61.454
Former skeptics,education,Doctorate degree / Ph.D.,belief_post,71.059
Former skeptics,education,Doctorate degree / Ph.D.,concern_mean,60.584
Former skeptics,education,Doctorate degree / Ph.D.,policy_general,67.394
Former skeptics,education,Doctorate degree / Ph.D.,policy_specific_mean,65.593
Former skeptics,education,Doctorate degree / Ph.D.,behavior_mean,45.41
Former skeptics,education,Doctorate degree / Ph.D.,donation_ams,1.975
Former skeptics,education,Doctorate degree / Ph.D.,newsletter_signup,0.103
Funding,education,Doctorate degree / Ph.D.,trust_multidimensional,69.584
Funding,education,Doctorate degree / Ph.D.,trust_post,69.602
Funding,education,Doctorate degree / Ph.D.,distrust_post,30.598
Funding,education,Doctorate degree / Ph.D.,funding_perceptions,61.631
Funding,education,Doctorate degree / Ph.D.,policy_role_mean,58.257
Funding,education,Doctorate degree / Ph.D.,inst_trust_mean,61.413
Funding,education,Doctorate degree / Ph.D.,belief_post,70.622
Funding,education,Doctorate degree / Ph.D.,concern_mean,60.311
Funding,education,Doctorate degree / Ph.D.,policy_general,67.182
Funding,education,Doctorate degree / Ph.D.,policy_specific_mean,65.395
Funding,education,Doctorate degree / Ph.D.,behavior_mean,45.306
Funding,education,Doctorate degree / Ph.D.,donation_ams,1.964
Funding,education,Doctorate degree / Ph.D.,newsletter_signup,0.102
High public trust,education,Doctorate degree / Ph.D.,trust_multidimensional,69.803
High public trust,education,Doctorate degree / Ph.D.,trust_post,70.068
High public trust,education,Doctorate degree / Ph.D.,distrust_post,30.36
High public trust,education,Doctorate degree / Ph.D.,funding_perceptions,61.108
High public trust,education,Doctorate degree / Ph.D.,policy_role_mean,58.813
High public trust,education,Doctorate degree / Ph.D.,inst_trust_mean,61.408
High public trust,education,Doctorate degree / Ph.D.,belief_post,70.704
High public trust,education,Doctorate degree / Ph.D.,concern_mean,60.361
High public trust,education,Doctorate degree / Ph.D.,policy_general,67.231
High public trust,education,Doctorate degree / Ph.D.,policy_specific_mean,65.437
High public trust,education,Doctorate degree / Ph.D.,behavior_mean,45.332
High public trust,education,Doctorate degree / Ph.D.,donation_ams,1.966
High public trust,education,Doctorate degree / Ph.D.,newsletter_signup,0.102
Interview Prof. Maraun,education,Doctorate degree / Ph.D.,trust_multidimensional,69.855
Interview Prof. Maraun,education,Doctorate degree / Ph.D.,trust_post,69.786
Interview Prof. Maraun,education,Doctorate degree / Ph.D.,distrust_post,30.493
Interview Prof. Maraun,education,Doctorate degree / Ph.D.,funding_perceptions,61.09
Interview Prof. Maraun,education,Doctorate degree / Ph.D.,policy_role_mean,58.913
Interview Prof. Maraun,education,Doctorate degree / Ph.D.,inst_trust_mean,61.407
Interview Prof. Maraun,education,Doctorate degree / Ph.D.,belief_post,70.701
Interview Prof. Maraun,education,Doctorate degree / Ph.D.,concern_mean,60.363
Interview Prof. Maraun,education,Doctorate degree / Ph.D.,policy_general,67.187
Interview Prof. Maraun,education,Doctorate degree / Ph.D.,policy_specific_mean,65.417
Interview Prof. Maraun,education,Doctorate degree / Ph.D.,behavior_mean,45.34
Interview Prof. Maraun,education,Doctorate degree / Ph.D.,donation_ams,1.966
Interview Prof. Maraun,education,Doctorate degree / Ph.D.,newsletter_signup,0.102
Interview Prof. Sebille,education,Doctorate degree / Ph.D.,trust_multidimensional,69.77
Interview Prof. Sebille,education,Doctorate degree / Ph.D.,trust_post,69.736
Interview Prof. Sebille,education,Doctorate degree / Ph.D.,distrust_post,30.56
Interview Prof. Sebille,education,Doctorate degree / Ph.D.,funding_perceptions,61.124
Interview Prof. Sebille,education,Doctorate degree / Ph.D.,policy_role_mean,58.934
Interview Prof. Sebille,education,Doctorate degree / Ph.D.,inst_trust_mean,61.364
Interview Prof. Sebille,education,Doctorate degree / Ph.D.,belief_post,70.784
Interview Prof. Sebille,education,Doctorate degree / Ph.D.,concern_mean,60.617
Interview Prof. Sebille,education,Doctorate degree / Ph.D.,policy_general,67.338
Interview Prof. Sebille,education,Doctorate degree / Ph.D.,policy_specific_mean,65.526
Interview Prof. Sebille,education,Doctorate degree / Ph.D.,behavior_mean,45.4
Interview Prof. Sebille,education,Doctorate degree / Ph.D.,donation_ams,1.97
Interview Prof. Sebille,education,Doctorate degree / Ph.D.,newsletter_signup,0.103
Measurement & modeling (1),education,Doctorate degree / Ph.D.,trust_multidimensional,69.621
Measurement & modeling (1),education,Doctorate degree / Ph.D.,trust_post,69.612
Measurement & modeling (1),education,Doctorate degree / Ph.D.,distrust_post,30.655
Measurement & modeling (1),education,Doctorate degree / Ph.D.,funding_perceptions,61.057
Measurement & modeling (1),education,Doctorate degree / Ph.D.,policy_role_mean,58.81
Measurement & modeling (1),education,Doctorate degree / Ph.D.,inst_trust_mean,61.364
Measurement & modeling (1),education,Doctorate degree / Ph.D.,belief_post,70.782
Measurement & modeling (1),education,Doctorate degree / Ph.D.,concern_mean,60.39
Measurement & modeling (1),education,Doctorate degree / Ph.D.,policy_general,67.195
Measurement & modeling (1),education,Doctorate degree / Ph.D.,policy_specific_mean,65.408
Measurement & modeling (1),education,Doctorate degree / Ph.D.,behavior_mean,45.321
Measurement & modeling (1),education,Doctorate degree / Ph.D.,donation_ams,1.966
Measurement & modeling (1),education,Doctorate degree / Ph.D.,newsletter_signup,0.102
Measurement & modeling (2),education,Doctorate degree / Ph.D.,trust_multidimensional,69.571
Measurement & modeling (2),education,Doctorate degree / Ph.D.,trust_post,69.537
Measurement & modeling (2),education,Doctorate degree / Ph.D.,distrust_post,30.709
Measurement & modeling (2),education,Doctorate degree / Ph.D.,funding_perceptions,61.045
Measurement & modeling (2),education,Doctorate degree / Ph.D.,policy_role_mean,58.81
Measurement & modeling (2),education,Doctorate degree / Ph.D.,inst_trust_mean,61.334
Measurement & modeling (2),education,Doctorate degree / Ph.D.,belief_post,70.658
Measurement & modeling (2),education,Doctorate degree / Ph.D.,concern_mean,60.306
Measurement & modeling (2),education,Doctorate degree / Ph.D.,policy_general,67.181
Measurement & modeling (2),education,Doctorate degree / Ph.D.,policy_specific_mean,65.414
Measurement & modeling (2),education,Doctorate degree / Ph.D.,behavior_mean,45.329
Measurement & modeling (2),education,Doctorate degree / Ph.D.,donation_ams,1.965
Measurement & modeling (2),education,Doctorate degree / Ph.D.,newsletter_signup,0.102
Model accuracy,education,Doctorate degree / Ph.D.,trust_multidimensional,69.715
Model accuracy,education,Doctorate degree / Ph.D.,trust_post,69.78
Model accuracy,education,Doctorate degree / Ph.D.,distrust_post,30.513
Model accuracy,education,Doctorate degree / Ph.D.,funding_perceptions,61.162
Model accuracy,education,Doctorate degree / Ph.D.,policy_role_mean,58.848
Model accuracy,education,Doctorate degree / Ph.D.,inst_trust_mean,61.383
Model accuracy,education,Doctorate degree / Ph.D.,belief_post,71.035
Model accuracy,education,Doctorate degree / Ph.D.,concern_mean,60.445
Model accuracy,education,Doctorate degree / Ph.D.,policy_general,67.282
Model accuracy,education,Doctorate degree / Ph.D.,policy_specific_mean,65.462
Model accuracy,education,Doctorate degree / Ph.D.,behavior_mean,45.351
Model accuracy,education,Doctorate degree / Ph.D.,donation_ams,1.968
Model accuracy,education,Doctorate degree / Ph.D.,newsletter_signup,0.103
Oil industry misinformation,education,Doctorate degree / Ph.D.,trust_multidimensional,69.816
Oil industry misinformation,education,Doctorate degree / Ph.D.,trust_post,69.899
Oil industry misinformation,education,Doctorate degree / Ph.D.,distrust_post,30.311
Oil industry misinformation,education,Doctorate degree / Ph.D.,funding_perceptions,61.31
Oil industry misinformation,education,Doctorate degree / Ph.D.,policy_role_mean,58.993
Oil industry misinformation,education,Doctorate degree / Ph.D.,inst_trust_mean,61.402
Oil industry misinformation,education,Doctorate degree / Ph.D.,belief_post,71.057
Oil industry misinformation,education,Doctorate degree / Ph.D.,concern_mean,60.678
Oil industry misinformation,education,Doctorate degree / Ph.D.,policy_general,67.46
Oil industry misinformation,education,Doctorate degree / Ph.D.,policy_specific_mean,65.626
Oil industry misinformation,education,Doctorate degree / Ph.D.,behavior_mean,45.443
Oil industry misinformation,education,Doctorate degree / Ph.D.,donation_ams,1.971
Oil industry misinformation,education,Doctorate degree / Ph.D.,newsletter_signup,0.103
Peer-review,education,Doctorate degree / Ph.D.,trust_multidimensional,69.703
Peer-review,education,Doctorate degree / Ph.D.,trust_post,69.737
Peer-review,education,Doctorate degree / Ph.D.,distrust_post,30.548
Peer-review,education,Doctorate degree / Ph.D.,funding_perceptions,61.08
Peer-review,education,Doctorate degree / Ph.D.,policy_role_mean,58.841
Peer-review,education,Doctorate degree / Ph.D.,inst_trust_mean,61.352
Peer-review,education,Doctorate degree / Ph.D.,belief_post,70.744
Peer-review,education,Doctorate degree / Ph.D.,concern_mean,60.362
Peer-review,education,Doctorate degree / Ph.D.,policy_general,67.234
Peer-review,education,Doctorate degree / Ph.D.,policy_specific_mean,65.448
Peer-review,education,Doctorate degree / Ph.D.,behavior_mean,45.311
Peer-review,education,Doctorate degree / Ph.D.,donation_ams,1.968
Peer-review,education,Doctorate degree / Ph.D.,newsletter_signup,0.102
Portrait Prof. Cherry,education,Doctorate degree / Ph.D.,trust_multidimensional,69.654
Portrait Prof. Cherry,education,Doctorate degree / Ph.D.,trust_post,69.618
Portrait Prof. Cherry,education,Doctorate degree / Ph.D.,distrust_post,30.632
Portrait Prof. Cherry,education,Doctorate degree / Ph.D.,funding_perceptions,61.042
Portrait Prof. Cherry,education,Doctorate degree / Ph.D.,policy_role_mean,58.954
Portrait Prof. Cherry,education,Doctorate degree / Ph.D.,inst_trust_mean,61.352
Portrait Prof. Cherry,education,Doctorate degree / Ph.D.,belief_post,70.635
Portrait Prof. Cherry,education,Doctorate degree / Ph.D.,concern_mean,60.372
Portrait Prof. Cherry,education,Doctorate degree / Ph.D.,policy_general,67.231
Portrait Prof. Cherry,education,Doctorate degree / Ph.D.,policy_specific_mean,65.484
Portrait Prof. Cherry,education,Doctorate degree / Ph.D.,behavior_mean,45.355
Portrait Prof. Cherry,education,Doctorate degree / Ph.D.,donation_ams,1.97
Portrait Prof. Cherry,education,Doctorate degree / Ph.D.,newsletter_signup,0.103
Scientist community helpers,education,Doctorate degree / Ph.D.,trust_multidimensional,70.012
Scientist community helpers,education,Doctorate degree / Ph.D.,trust_post,69.995
Scientist community helpers,education,Doctorate degree / Ph.D.,distrust_post,30.373
Scientist community helpers,education,Doctorate degree / Ph.D.,funding_perceptions,61.223
Scientist community helpers,education,Doctorate degree / Ph.D.,policy_role_mean,59.126
Scientist community helpers,education,Doctorate degree / Ph.D.,inst_trust_mean,61.453
Scientist community helpers,education,Doctorate degree / Ph.D.,belief_post,70.742
Scientist community helpers,education,Doctorate degree / Ph.D.,concern_mean,60.448
Scientist community helpers,education,Doctorate degree / Ph.D.,policy_general,67.305
Scientist community helpers,education,Doctorate degree / Ph.D.,policy_specific_mean,65.559
Scientist community helpers,education,Doctorate degree / Ph.D.,behavior_mean,45.407
Scientist community helpers,education,Doctorate degree / Ph.D.,donation_ams,1.971
Scientist community helpers,education,Doctorate degree / Ph.D.,newsletter_signup,0.103
Social justice,education,Doctorate degree / Ph.D.,trust_multidimensional,69.418
Social justice,education,Doctorate degree / Ph.D.,trust_post,69.462
Social justice,education,Doctorate degree / Ph.D.,distrust_post,30.728
Social justice,education,Doctorate degree / Ph.D.,funding_perceptions,61.235
Social justice,education,Doctorate degree / Ph.D.,policy_role_mean,59.028
Social justice,education,Doctorate degree / Ph.D.,inst_trust_mean,61.345
Social justice,education,Doctorate degree / Ph.D.,belief_post,70.728
Social justice,education,Doctorate degree / Ph.D.,concern_mean,60.654
Social justice,education,Doctorate degree / Ph.D.,policy_general,67.505
Social justice,education,Doctorate degree / Ph.D.,policy_specific_mean,65.682
Social justice,education,Doctorate degree / Ph.D.,behavior_mean,45.463
Social justice,education,Doctorate degree / Ph.D.,donation_ams,1.968
Social justice,education,Doctorate degree / Ph.D.,newsletter_signup,0.102
control,education,High school diploma / GED,trust_multidimensional,62.882
control,education,High school diploma / GED,trust_post,59.677
control,education,High school diploma / GED,distrust_post,35.466
control,education,High school diploma / GED,funding_perceptions,55.88
control,education,High school diploma / GED,policy_role_mean,56.337
control,education,High school diploma / GED,inst_trust_mean,52.351
control,education,High school diploma / GED,belief_post,59.854
control,education,High school diploma / GED,concern_mean,55.283
control,education,High school diploma / GED,policy_general,62.718
control,education,High school diploma / GED,policy_specific_mean,63.243
control,education,High school diploma / GED,behavior_mean,42.962
control,education,High school diploma / GED,donation_ams,1.899
control,education,High school diploma / GED,newsletter_signup,0.094
Consensus,education,High school diploma / GED,trust_multidimensional,64.5
Consensus,education,High school diploma / GED,trust_post,61.598
Consensus,education,High school diploma / GED,distrust_post,34.263
Consensus,education,High school diploma / GED,funding_perceptions,56.726
Consensus,education,High school diploma / GED,policy_role_mean,57.235
Consensus,education,High school diploma / GED,inst_trust_mean,53.003
Consensus,education,High school diploma / GED,belief_post,61.841
Consensus,education,High school diploma / GED,concern_mean,56.075
Consensus,education,High school diploma / GED,policy_general,63.423
Consensus,education,High school diploma / GED,policy_specific_mean,63.721
Consensus,education,High school diploma / GED,behavior_mean,43.338
Consensus,education,High school diploma / GED,donation_ams,1.939
Consensus,education,High school diploma / GED,newsletter_signup,0.098
Corporate reliance,education,High school diploma / GED,trust_multidimensional,64.403
Corporate reliance,education,High school diploma / GED,trust_post,61.425
Corporate reliance,education,High school diploma / GED,distrust_post,34.349
Corporate reliance,education,High school diploma / GED,funding_perceptions,56.61
Corporate reliance,education,High school diploma / GED,policy_role_mean,57.192
Corporate reliance,education,High school diploma / GED,inst_trust_mean,52.907
Corporate reliance,education,High school diploma / GED,belief_post,60.486
Corporate reliance,education,High school diploma / GED,concern_mean,55.764
Corporate reliance,education,High school diploma / GED,policy_general,63.213
Corporate reliance,education,High school diploma / GED,policy_specific_mean,63.634
Corporate reliance,education,High school diploma / GED,behavior_mean,43.268
Corporate reliance,education,High school diploma / GED,donation_ams,1.936
Corporate reliance,education,High school diploma / GED,newsletter_signup,0.098
Extreme weather predictions,education,High school diploma / GED,trust_multidimensional,64.302
Extreme weather predictions,education,High school diploma / GED,trust_post,61.252
Extreme weather predictions,education,High school diploma / GED,distrust_post,34.467
Extreme weather predictions,education,High school diploma / GED,funding_perceptions,56.673
Extreme weather predictions,education,High school diploma / GED,policy_role_mean,57.196
Extreme weather predictions,education,High school diploma / GED,inst_trust_mean,53.053
Extreme weather predictions,education,High school diploma / GED,belief_post,60.469
Extreme weather predictions,education,High school diploma / GED,concern_mean,55.879
Extreme weather predictions,education,High school diploma / GED,policy_general,63.2
Extreme weather predictions,education,High school diploma / GED,policy_specific_mean,63.608
Extreme weather predictions,education,High school diploma / GED,behavior_mean,43.259
Extreme weather predictions,education,High school diploma / GED,donation_ams,1.933
Extreme weather predictions,education,High school diploma / GED,newsletter_signup,0.098
Former skeptics,education,High school diploma / GED,trust_multidimensional,64.506
Former skeptics,education,High school diploma / GED,trust_post,61.553
Former skeptics,education,High school diploma / GED,distrust_post,34.195
Former skeptics,education,High school diploma / GED,funding_perceptions,56.704
Former skeptics,education,High school diploma / GED,policy_role_mean,57.336
Former skeptics,education,High school diploma / GED,inst_trust_mean,53.004
Former skeptics,education,High school diploma / GED,belief_post,60.936
Former skeptics,education,High school diploma / GED,concern_mean,55.989
Former skeptics,education,High school diploma / GED,policy_general,63.364
Former skeptics,education,High school diploma / GED,policy_specific_mean,63.74
Former skeptics,education,High school diploma / GED,behavior_mean,43.325
Former skeptics,education,High school diploma / GED,donation_ams,1.944
Former skeptics,education,High school diploma / GED,newsletter_signup,0.098
Funding,education,High school diploma / GED,trust_multidimensional,64.193
Funding,education,High school diploma / GED,trust_post,61.142
Funding,education,High school diploma / GED,distrust_post,34.461
Funding,education,High school diploma / GED,funding_perceptions,57.181
Funding,education,High school diploma / GED,policy_role_mean,56.483
Funding,education,High school diploma / GED,inst_trust_mean,52.95
Funding,education,High school diploma / GED,belief_post,60.38
Funding,education,High school diploma / GED,concern_mean,55.683
Funding,education,High school diploma / GED,policy_general,63.129
Funding,education,High school diploma / GED,policy_specific_mean,63.53
Funding,education,High school diploma / GED,behavior_mean,43.215
Funding,education,High school diploma / GED,donation_ams,1.932
Funding,education,High school diploma / GED,newsletter_signup,0.098
High public trust,education,High school diploma / GED,trust_multidimensional,64.479
High public trust,education,High school diploma / GED,trust_post,61.747
High public trust,education,High school diploma / GED,distrust_post,34.198
High public trust,education,High school diploma / GED,funding_perceptions,56.589
High public trust,education,High school diploma / GED,policy_role_mean,57.073
High public trust,education,High school diploma / GED,inst_trust_mean,52.943
High public trust,education,High school diploma / GED,belief_post,60.484
High public trust,education,High school diploma / GED,concern_mean,55.739
High public trust,education,High school diploma / GED,policy_general,63.183
High public trust,education,High school diploma / GED,policy_specific_mean,63.574
High public trust,education,High school diploma / GED,behavior_mean,43.242
High public trust,education,High school diploma / GED,donation_ams,1.934
High public trust,education,High school diploma / GED,newsletter_signup,0.098
Interview Prof. Maraun,education,High school diploma / GED,trust_multidimensional,64.546
Interview Prof. Maraun,education,High school diploma / GED,trust_post,61.381
Interview Prof. Maraun,education,High school diploma / GED,distrust_post,34.345
Interview Prof. Maraun,education,High school diploma / GED,funding_perceptions,56.57
Interview Prof. Maraun,education,High school diploma / GED,policy_role_mean,57.179
Interview Prof. Maraun,education,High school diploma / GED,inst_trust_mean,52.942
Interview Prof. Maraun,education,High school diploma / GED,belief_post,60.479
Interview Prof. Maraun,education,High school diploma / GED,concern_mean,55.741
Interview Prof. Maraun,education,High school diploma / GED,policy_general,63.133
Interview Prof. Maraun,education,High school diploma / GED,policy_specific_mean,63.553
Interview Prof. Maraun,education,High school diploma / GED,behavior_mean,43.251
Interview Prof. Maraun,education,High school diploma / GED,donation_ams,1.934
Interview Prof. Maraun,education,High school diploma / GED,newsletter_signup,0.098
Interview Prof. Sebille,education,High school diploma / GED,trust_multidimensional,64.435
Interview Prof. Sebille,education,High school diploma / GED,trust_post,61.316
Interview Prof. Sebille,education,High school diploma / GED,distrust_post,34.419
Interview Prof. Sebille,education,High school diploma / GED,funding_perceptions,56.608
Interview Prof. Sebille,education,High school diploma / GED,policy_role_mean,57.202
Interview Prof. Sebille,education,High school diploma / GED,inst_trust_mean,52.887
Interview Prof. Sebille,education,High school diploma / GED,belief_post,60.585
Interview Prof. Sebille,education,High school diploma / GED,concern_mean,56.026
Interview Prof. Sebille,education,High school diploma / GED,policy_general,63.301
Interview Prof. Sebille,education,High school diploma / GED,policy_specific_mean,63.669
Interview Prof. Sebille,education,High school diploma / GED,behavior_mean,43.315
Interview Prof. Sebille,education,High school diploma / GED,donation_ams,1.939
Interview Prof. Sebille,education,High school diploma / GED,newsletter_signup,0.098
Measurement & modeling (1),education,High school diploma / GED,trust_multidimensional,64.243
Measurement & modeling (1),education,High school diploma / GED,trust_post,61.155
Measurement & modeling (1),education,High school diploma / GED,distrust_post,34.525
Measurement & modeling (1),education,High school diploma / GED,funding_perceptions,56.532
Measurement & modeling (1),education,High school diploma / GED,policy_role_mean,57.07
Measurement & modeling (1),education,High school diploma / GED,inst_trust_mean,52.888
Measurement & modeling (1),education,High school diploma / GED,belief_post,60.583
Measurement & modeling (1),education,High school diploma / GED,concern_mean,55.771
Measurement & modeling (1),education,High school diploma / GED,policy_general,63.142
Measurement & modeling (1),education,High school diploma / GED,policy_specific_mean,63.544
Measurement & modeling (1),education,High school diploma / GED,behavior_mean,43.231
Measurement & modeling (1),education,High school diploma / GED,donation_ams,1.934
Measurement & modeling (1),education,High school diploma / GED,newsletter_signup,0.098
Measurement & modeling (2),education,High school diploma / GED,trust_multidimensional,64.177
Measurement & modeling (2),education,High school diploma / GED,trust_post,61.057
Measurement & modeling (2),education,High school diploma / GED,distrust_post,34.583
Measurement & modeling (2),education,High school diploma / GED,funding_perceptions,56.519
Measurement & modeling (2),education,High school diploma / GED,policy_role_mean,57.07
Measurement & modeling (2),education,High school diploma / GED,inst_trust_mean,52.848
Measurement & modeling (2),education,High school diploma / GED,belief_post,60.426
Measurement & modeling (2),education,High school diploma / GED,concern_mean,55.677
Measurement & modeling (2),education,High school diploma / GED,policy_general,63.127
Measurement & modeling (2),education,High school diploma / GED,policy_specific_mean,63.549
Measurement & modeling (2),education,High school diploma / GED,behavior_mean,43.24
Measurement & modeling (2),education,High school diploma / GED,donation_ams,1.933
Measurement & modeling (2),education,High school diploma / GED,newsletter_signup,0.098
Model accuracy,education,High school diploma / GED,trust_multidimensional,64.364
Model accuracy,education,High school diploma / GED,trust_post,61.373
Model accuracy,education,High school diploma / GED,distrust_post,34.367
Model accuracy,education,High school diploma / GED,funding_perceptions,56.651
Model accuracy,education,High school diploma / GED,policy_role_mean,57.11
Model accuracy,education,High school diploma / GED,inst_trust_mean,52.911
Model accuracy,education,High school diploma / GED,belief_post,60.906
Model accuracy,education,High school diploma / GED,concern_mean,55.832
Model accuracy,education,High school diploma / GED,policy_general,63.24
Model accuracy,education,High school diploma / GED,policy_specific_mean,63.601
Model accuracy,education,High school diploma / GED,behavior_mean,43.263
Model accuracy,education,High school diploma / GED,donation_ams,1.936
Model accuracy,education,High school diploma / GED,newsletter_signup,0.098
Oil industry misinformation,education,High school diploma / GED,trust_multidimensional,64.495
Oil industry misinformation,education,High school diploma / GED,trust_post,61.528
Oil industry misinformation,education,High school diploma / GED,distrust_post,34.143
Oil industry misinformation,education,High school diploma / GED,funding_perceptions,56.818
Oil industry misinformation,education,High school diploma / GED,policy_role_mean,57.264
Oil industry misinformation,education,High school diploma / GED,inst_trust_mean,52.936
Oil industry misinformation,education,High school diploma / GED,belief_post,60.934
Oil industry misinformation,education,High school diploma / GED,concern_mean,56.095
Oil industry misinformation,education,High school diploma / GED,policy_general,63.437
Oil industry misinformation,education,High school diploma / GED,policy_specific_mean,63.775
Oil industry misinformation,education,High school diploma / GED,behavior_mean,43.36
Oil industry misinformation,education,High school diploma / GED,donation_ams,1.94
Oil industry misinformation,education,High school diploma / GED,newsletter_signup,0.098
Peer-review,education,High school diploma / GED,trust_multidimensional,64.348
Peer-review,education,High school diploma / GED,trust_post,61.317
Peer-review,education,High school diploma / GED,distrust_post,34.406
Peer-review,education,High school diploma / GED,funding_perceptions,56.558
Peer-review,education,High school diploma / GED,policy_role_mean,57.103
Peer-review,education,High school diploma / GED,inst_trust_mean,52.871
Peer-review,education,High school diploma / GED,belief_post,60.534
Peer-review,education,High school diploma / GED,concern_mean,55.739
Peer-review,education,High school diploma / GED,policy_general,63.186
Peer-review,education,High school diploma / GED,policy_specific_mean,63.586
Peer-review,education,High school diploma / GED,behavior_mean,43.22
Peer-review,education,High school diploma / GED,donation_ams,1.936
Peer-review,education,High school diploma / GED,newsletter_signup,0.098
Portrait Prof. Cherry,education,High school diploma / GED,trust_multidimensional,64.285
Portrait Prof. Cherry,education,High school diploma / GED,trust_post,61.163
Portrait Prof. Cherry,education,High school diploma / GED,distrust_post,34.498
Portrait Prof. Cherry,education,High school diploma / GED,funding_perceptions,56.516
Portrait Prof. Cherry,education,High school diploma / GED,policy_role_mean,57.223
Portrait Prof. Cherry,education,High school diploma / GED,inst_trust_mean,52.872
Portrait Prof. Cherry,education,High school diploma / GED,belief_post,60.395
Portrait Prof. Cherry,education,High school diploma / GED,concern_mean,55.751
Portrait Prof. Cherry,education,High school diploma / GED,policy_general,63.183
Portrait Prof. Cherry,education,High school diploma / GED,policy_specific_mean,63.624
Portrait Prof. Cherry,education,High school diploma / GED,behavior_mean,43.267
Portrait Prof. Cherry,education,High school diploma / GED,donation_ams,1.939
Portrait Prof. Cherry,education,High school diploma / GED,newsletter_signup,0.098
Scientist community helpers,education,High school diploma / GED,trust_multidimensional,64.75
Scientist community helpers,education,High school diploma / GED,trust_post,61.652
Scientist community helpers,education,High school diploma / GED,distrust_post,34.212
Scientist community helpers,education,High school diploma / GED,funding_perceptions,56.72
Scientist community helpers,education,High school diploma / GED,policy_role_mean,57.405
Scientist community helpers,education,High school diploma / GED,inst_trust_mean,53.002
Scientist community helpers,education,High school diploma / GED,belief_post,60.533
Scientist community helpers,education,High school diploma / GED,concern_mean,55.836
Scientist community helpers,education,High school diploma / GED,policy_general,63.265
Scientist community helpers,education,High school diploma / GED,policy_specific_mean,63.704
Scientist community helpers,education,High school diploma / GED,behavior_mean,43.322
Scientist community helpers,education,High school diploma / GED,donation_ams,1.939
Scientist community helpers,education,High school diploma / GED,newsletter_signup,0.099
Social justice,education,High school diploma / GED,trust_multidimensional,63.979
Social justice,education,High school diploma / GED,trust_post,60.96
Social justice,education,High school diploma / GED,distrust_post,34.605
Social justice,education,High school diploma / GED,funding_perceptions,56.733
Social justice,education,High school diploma / GED,policy_role_mean,57.301
Social justice,education,High school diploma / GED,inst_trust_mean,52.862
Social justice,education,High school diploma / GED,belief_post,60.514
Social justice,education,High school diploma / GED,concern_mean,56.068
Social justice,education,High school diploma / GED,policy_general,63.487
Social justice,education,High school diploma / GED,policy_specific_mean,63.835
Social justice,education,High school diploma / GED,behavior_mean,43.382
Social justice,education,High school diploma / GED,donation_ams,1.936
Social justice,education,High school diploma / GED,newsletter_signup,0.098
control,education,Less than high school,trust_multidimensional,62.932
control,education,Less than high school,trust_post,59.868
control,education,Less than high school,distrust_post,34.528
control,education,Less than high school,funding_perceptions,57.029
control,education,Less than high school,policy_role_mean,57.187
control,education,Less than high school,inst_trust_mean,52.23
control,education,Less than high school,belief_post,58.731
control,education,Less than high school,concern_mean,55.181
control,education,Less than high school,policy_general,62.953
control,education,Less than high school,policy_specific_mean,63.655
control,education,Less than high school,behavior_mean,43.782
control,education,Less than high school,donation_ams,2.08
control,education,Less than high school,newsletter_signup,0.1
Consensus,education,Less than high school,trust_multidimensional,64.553
Consensus,education,Less than high school,trust_post,61.792
Consensus,education,Less than high school,distrust_post,33.342
Consensus,education,Less than high school,funding_perceptions,57.852
Consensus,education,Less than high school,policy_role_mean,58.069
Consensus,education,Less than high school,inst_trust_mean,52.886
Consensus,education,Less than high school,belief_post,60.76
Consensus,education,Less than high school,concern_mean,55.976
Consensus,education,Less than high school,policy_general,63.656
Consensus,education,Less than high school,policy_specific_mean,64.128
Consensus,education,Less than high school,behavior_mean,44.15
Consensus,education,Less than high school,donation_ams,2.12
Consensus,education,Less than high school,newsletter_signup,0.104
Corporate reliance,education,Less than high school,trust_multidimensional,64.457
Corporate reliance,education,Less than high school,trust_post,61.619
Corporate reliance,education,Less than high school,distrust_post,33.427
Corporate reliance,education,Less than high school,funding_perceptions,57.739
Corporate reliance,education,Less than high school,policy_role_mean,58.026
Corporate reliance,education,Less than high school,inst_trust_mean,52.789
Corporate reliance,education,Less than high school,belief_post,59.376
Corporate reliance,education,Less than high school,concern_mean,55.664
Corporate reliance,education,Less than high school,policy_general,63.446
Corporate reliance,education,Less than high school,policy_specific_mean,64.042
Corporate reliance,education,Less than high school,behavior_mean,44.081
Corporate reliance,education,Less than high school,donation_ams,2.118
Corporate reliance,education,Less than high school,newsletter_signup,0.104
Extreme weather predictions,education,Less than high school,trust_multidimensional,64.355
Extreme weather predictions,education,Less than high school,trust_post,61.445
Extreme weather predictions,education,Less than high school,distrust_post,33.543
Extreme weather predictions,education,Less than high school,funding_perceptions,57.801
Extreme weather predictions,education,Less than high school,policy_role_mean,58.03
Extreme weather predictions,education,Less than high school,inst_trust_mean,52.936
Extreme weather predictions,education,Less than high school,belief_post,59.359
Extreme weather predictions,education,Less than high school,concern_mean,55.779
Extreme weather predictions,education,Less than high school,policy_general,63.433
Extreme weather predictions,education,Less than high school,policy_specific_mean,64.017
Extreme weather predictions,education,Less than high school,behavior_mean,44.072
Extreme weather predictions,education,Less than high school,donation_ams,2.114
Extreme weather predictions,education,Less than high school,newsletter_signup,0.104
Former skeptics,education,Less than high school,trust_multidimensional,64.559
Former skeptics,education,Less than high school,trust_post,61.746
Former skeptics,education,Less than high school,distrust_post,33.275
Former skeptics,education,Less than high school,funding_perceptions,57.831
Former skeptics,education,Less than high school,policy_role_mean,58.169
Former skeptics,education,Less than high school,inst_trust_mean,52.887
Former skeptics,education,Less than high school,belief_post,59.836
Former skeptics,education,Less than high school,concern_mean,55.89
Former skeptics,education,Less than high school,policy_general,63.596
Former skeptics,education,Less than high school,policy_specific_mean,64.147
Former skeptics,education,Less than high school,behavior_mean,44.137
Former skeptics,education,Less than high school,donation_ams,2.125
Former skeptics,education,Less than high school,newsletter_signup,0.104
Funding,education,Less than high school,trust_multidimensional,64.246
Funding,education,Less than high school,trust_post,61.335
Funding,education,Less than high school,distrust_post,33.537
Funding,education,Less than high school,funding_perceptions,58.295
Funding,education,Less than high school,policy_role_mean,57.33
Funding,education,Less than high school,inst_trust_mean,52.833
Funding,education,Less than high school,belief_post,59.268
Funding,education,Less than high school,concern_mean,55.582
Funding,education,Less than high school,policy_general,63.362
Funding,education,Less than high school,policy_specific_mean,63.939
Funding,education,Less than high school,behavior_mean,44.03
Funding,education,Less than high school,donation_ams,2.113
Funding,education,Less than high school,newsletter_signup,0.104
High public trust,education,Less than high school,trust_multidimensional,64.532
High public trust,education,Less than high school,trust_post,61.941
High public trust,education,Less than high school,distrust_post,33.279
High public trust,education,Less than high school,funding_perceptions,57.719
High public trust,education,Less than high school,policy_role_mean,57.91
High public trust,education,Less than high school,inst_trust_mean,52.826
High public trust,education,Less than high school,belief_post,59.375
High public trust,education,Less than high school,concern_mean,55.639
High public trust,education,Less than high school,policy_general,63.416
High public trust,education,Less than high school,policy_specific_mean,63.983
High public trust,education,Less than high school,behavior_mean,44.056
High public trust,education,Less than high school,donation_ams,2.116
High public trust,education,Less than high school,newsletter_signup,0.104
Interview Prof. Maraun,education,Less than high school,trust_multidimensional,64.6
Interview Prof. Maraun,education,Less than high school,trust_post,61.575
Interview Prof. Maraun,education,Less than high school,distrust_post,33.423
Interview Prof. Maraun,education,Less than high school,funding_perceptions,57.7
Interview Prof. Maraun,education,Less than high school,policy_role_mean,58.014
Interview Prof. Maraun,education,Less than high school,inst_trust_mean,52.825
Interview Prof. Maraun,education,Less than high school,belief_post,59.37
Interview Prof. Maraun,education,Less than high school,concern_mean,55.641
Interview Prof. Maraun,education,Less than high school,policy_general,63.367
Interview Prof. Maraun,education,Less than high school,policy_specific_mean,63.962
Interview Prof. Maraun,education,Less than high school,behavior_mean,44.065
Interview Prof. Maraun,education,Less than high school,donation_ams,2.116
Interview Prof. Maraun,education,Less than high school,newsletter_signup,0.104
Interview Prof. Sebille,education,Less than high school,trust_multidimensional,64.489
Interview Prof. Sebille,education,Less than high school,trust_post,61.509
Interview Prof. Sebille,education,Less than high school,distrust_post,33.496
Interview Prof. Sebille,education,Less than high school,funding_perceptions,57.737
Interview Prof. Sebille,education,Less than high school,policy_role_mean,58.036
Interview Prof. Sebille,education,Less than high school,inst_trust_mean,52.769
Interview Prof. Sebille,education,Less than high school,belief_post,59.478
Interview Prof. Sebille,education,Less than high school,concern_mean,55.927
Interview Prof. Sebille,education,Less than high school,policy_general,63.534
Interview Prof. Sebille,education,Less than high school,policy_specific_mean,64.077
Interview Prof. Sebille,education,Less than high school,behavior_mean,44.127
Interview Prof. Sebille,education,Less than high school,donation_ams,2.12
Interview Prof. Sebille,education,Less than high school,newsletter_signup,0.104
Measurement & modeling (1),education,Less than high school,trust_multidimensional,64.295
Measurement & modeling (1),education,Less than high school,trust_post,61.348
Measurement & modeling (1),education,Less than high school,distrust_post,33.6
Measurement & modeling (1),education,Less than high school,funding_perceptions,57.663
Measurement & modeling (1),education,Less than high school,policy_role_mean,57.906
Measurement & modeling (1),education,Less than high school,inst_trust_mean,52.77
Measurement & modeling (1),education,Less than high school,belief_post,59.476
Measurement & modeling (1),education,Less than high school,concern_mean,55.671
Measurement & modeling (1),education,Less than high school,policy_general,63.375
Measurement & modeling (1),education,Less than high school,policy_specific_mean,63.953
Measurement & modeling (1),education,Less than high school,behavior_mean,44.044
Measurement & modeling (1),education,Less than high school,donation_ams,2.116
Measurement & modeling (1),education,Less than high school,newsletter_signup,0.104
Measurement & modeling (2),education,Less than high school,trust_multidimensional,64.229
Measurement & modeling (2),education,Less than high school,trust_post,61.25
Measurement & modeling (2),education,Less than high school,distrust_post,33.658
Measurement & modeling (2),education,Less than high school,funding_perceptions,57.65
Measurement & modeling (2),education,Less than high school,policy_role_mean,57.907
Measurement & modeling (2),education,Less than high school,inst_trust_mean,52.731
Measurement & modeling (2),education,Less than high school,belief_post,59.315
Measurement & modeling (2),education,Less than high school,concern_mean,55.576
Measurement & modeling (2),education,Less than high school,policy_general,63.36
Measurement & modeling (2),education,Less than high school,policy_specific_mean,63.959
Measurement & modeling (2),education,Less than high school,behavior_mean,44.054
Measurement & modeling (2),education,Less than high school,donation_ams,2.114
Measurement & modeling (2),education,Less than high school,newsletter_signup,0.104
Model accuracy,education,Less than high school,trust_multidimensional,64.417
Model accuracy,education,Less than high school,trust_post,61.566
Model accuracy,education,Less than high school,distrust_post,33.445
Model accuracy,education,Less than high school,funding_perceptions,57.779
Model accuracy,education,Less than high school,policy_role_mean,57.946
Model accuracy,education,Less than high school,inst_trust_mean,52.794
Model accuracy,education,Less than high school,belief_post,59.806
Model accuracy,education,Less than high school,concern_mean,55.733
Model accuracy,education,Less than high school,policy_general,63.473
Model accuracy,education,Less than high school,policy_specific_mean,64.01
Model accuracy,education,Less than high school,behavior_mean,44.076
Model accuracy,education,Less than high school,donation_ams,2.118
Model accuracy,education,Less than high school,newsletter_signup,0.104
Oil industry misinformation,education,Less than high school,trust_multidimensional,64.549
Oil industry misinformation,education,Less than high school,trust_post,61.721
Oil industry misinformation,education,Less than high school,distrust_post,33.224
Oil industry misinformation,education,Less than high school,funding_perceptions,57.942
Oil industry misinformation,education,Less than high school,policy_role_mean,58.098
Oil industry misinformation,education,Less than high school,inst_trust_mean,52.818
Oil industry misinformation,education,Less than high school,belief_post,59.834
Oil industry misinformation,education,Less than high school,concern_mean,55.996
Oil industry misinformation,education,Less than high school,policy_general,63.669
Oil industry misinformation,education,Less than high school,policy_specific_mean,64.182
Oil industry misinformation,education,Less than high school,behavior_mean,44.171
Oil industry misinformation,education,Less than high school,donation_ams,2.121
Oil industry misinformation,education,Less than high school,newsletter_signup,0.104
Peer-review,education,Less than high school,trust_multidimensional,64.401
Peer-review,education,Less than high school,trust_post,61.511
Peer-review,education,Less than high school,distrust_post,33.483
Peer-review,education,Less than high school,funding_perceptions,57.689
Peer-review,education,Less than high school,policy_role_mean,57.939
Peer-review,education,Less than high school,inst_trust_mean,52.754
Peer-review,education,Less than high school,belief_post,59.426
Peer-review,education,Less than high school,concern_mean,55.639
Peer-review,education,Less than high school,policy_general,63.42
Peer-review,education,Less than high school,policy_specific_mean,63.994
Peer-review,education,Less than high school,behavior_mean,44.034
Peer-review,education,Less than high school,donation_ams,2.118
Peer-review,education,Less than high school,newsletter_signup,0.104
Portrait Prof. Cherry,education,Less than high school,trust_multidimensional,64.338
Portrait Prof. Cherry,education,Less than high school,trust_post,61.356
Portrait Prof. Cherry,education,Less than high school,distrust_post,33.575
Portrait Prof. Cherry,education,Less than high school,funding_perceptions,57.647
Portrait Prof. Cherry,education,Less than high school,policy_role_mean,58.057
Portrait Prof. Cherry,education,Less than high school,inst_trust_mean,52.754
Portrait Prof. Cherry,education,Less than high school,belief_post,59.284
Portrait Prof. Cherry,education,Less than high school,concern_mean,55.651
Portrait Prof. Cherry,education,Less than high school,policy_general,63.416
Portrait Prof. Cherry,education,Less than high school,policy_specific_mean,64.033
Portrait Prof. Cherry,education,Less than high school,behavior_mean,44.08
Portrait Prof. Cherry,education,Less than high school,donation_ams,2.12
Portrait Prof. Cherry,education,Less than high school,newsletter_signup,0.104
Scientist community helpers,education,Less than high school,trust_multidimensional,64.804
Scientist community helpers,education,Less than high school,trust_post,61.846
Scientist community helpers,education,Less than high school,distrust_post,33.292
Scientist community helpers,education,Less than high school,funding_perceptions,57.846
Scientist community helpers,education,Less than high school,policy_role_mean,58.236
Scientist community helpers,education,Less than high school,inst_trust_mean,52.885
Scientist community helpers,education,Less than high school,belief_post,59.424
Scientist community helpers,education,Less than high school,concern_mean,55.736
Scientist community helpers,education,Less than high school,policy_general,63.498
Scientist community helpers,education,Less than high school,policy_specific_mean,64.112
Scientist community helpers,education,Less than high school,behavior_mean,44.134
Scientist community helpers,education,Less than high school,donation_ams,2.121
Scientist community helpers,education,Less than high school,newsletter_signup,0.104
Social justice,education,Less than high school,trust_multidimensional,64.032
Social justice,education,Less than high school,trust_post,61.152
Social justice,education,Less than high school,distrust_post,33.68
Social justice,education,Less than high school,funding_perceptions,57.859
Social justice,education,Less than high school,policy_role_mean,58.134
Social justice,education,Less than high school,inst_trust_mean,52.745
Social justice,education,Less than high school,belief_post,59.405
Social justice,education,Less than high school,concern_mean,55.969
Social justice,education,Less than high school,policy_general,63.719
Social justice,education,Less than high school,policy_specific_mean,64.241
Social justice,education,Less than high school,behavior_mean,44.192
Social justice,education,Less than high school,donation_ams,2.117
Social justice,education,Less than high school,newsletter_signup,0.104
control,education,Master's degree / Professional degree,trust_multidimensional,69.554
control,education,Master's degree / Professional degree,trust_post,68.782
control,education,Master's degree / Professional degree,distrust_post,30.777
control,education,Master's degree / Professional degree,funding_perceptions,61.528
control,education,Master's degree / Professional degree,policy_role_mean,60.144
control,education,Master's degree / Professional degree,inst_trust_mean,60.385
control,education,Master's degree / Professional degree,belief_post,70.895
control,education,Master's degree / Professional degree,concern_mean,60.784
control,education,Master's degree / Professional degree,policy_general,67.008
control,education,Master's degree / Professional degree,policy_specific_mean,66.824
control,education,Master's degree / Professional degree,behavior_mean,45.764
control,education,Master's degree / Professional degree,donation_ams,1.984
control,education,Master's degree / Professional degree,newsletter_signup,0.107
Consensus,education,Master's degree / Professional degree,trust_multidimensional,70.797
Consensus,education,Master's degree / Professional degree,trust_post,70.257
Consensus,education,Master's degree / Professional degree,distrust_post,29.711
Consensus,education,Master's degree / Professional degree,funding_perceptions,62.266
Consensus,education,Master's degree / Professional degree,policy_role_mean,60.95
Consensus,education,Master's degree / Professional degree,inst_trust_mean,60.902
Consensus,education,Master's degree / Professional degree,belief_post,72.438
Consensus,education,Master's degree / Professional degree,concern_mean,61.484
Consensus,education,Master's degree / Professional degree,policy_general,67.645
Consensus,education,Master's degree / Professional degree,policy_specific_mean,67.259
Consensus,education,Master's degree / Professional degree,behavior_mean,46.114
Consensus,education,Master's degree / Professional degree,donation_ams,2.024
Consensus,education,Master's degree / Professional degree,newsletter_signup,0.11
Corporate reliance,education,Master's degree / Professional degree,trust_multidimensional,70.723
Corporate reliance,education,Master's degree / Professional degree,trust_post,70.124
Corporate reliance,education,Master's degree / Professional degree,distrust_post,29.787
Corporate reliance,education,Master's degree / Professional degree,funding_perceptions,62.165
Corporate reliance,education,Master's degree / Professional degree,policy_role_mean,60.911
Corporate reliance,education,Master's degree / Professional degree,inst_trust_mean,60.826
Corporate reliance,education,Master's degree / Professional degree,belief_post,71.386
Corporate reliance,education,Master's degree / Professional degree,concern_mean,61.209
Corporate reliance,education,Master's degree / Professional degree,policy_general,67.455
Corporate reliance,education,Master's degree / Professional degree,policy_specific_mean,67.18
Corporate reliance,education,Master's degree / Professional degree,behavior_mean,46.049
Corporate reliance,education,Master's degree / Professional degree,donation_ams,2.021
Corporate reliance,education,Master's degree / Professional degree,newsletter_signup,0.11
Extreme weather predictions,education,Master's degree / Professional degree,trust_multidimensional,70.645
Extreme weather predictions,education,Master's degree / Professional degree,trust_post,69.991
Extreme weather predictions,education,Master's degree / Professional degree,distrust_post,29.892
Extreme weather predictions,education,Master's degree / Professional degree,funding_perceptions,62.22
Extreme weather predictions,education,Master's degree / Professional degree,policy_role_mean,60.915
Extreme weather predictions,education,Master's degree / Professional degree,inst_trust_mean,60.942
Extreme weather predictions,education,Master's degree / Professional degree,belief_post,71.373
Extreme weather predictions,education,Master's degree / Professional degree,concern_mean,61.31
Extreme weather predictions,education,Master's degree / Professional degree,policy_general,67.443
Extreme weather predictions,education,Master's degree / Professional degree,policy_specific_mean,67.157
Extreme weather predictions,education,Master's degree / Professional degree,behavior_mean,46.04
Extreme weather predictions,education,Master's degree / Professional degree,donation_ams,2.018
Extreme weather predictions,education,Master's degree / Professional degree,newsletter_signup,0.11
Former skeptics,education,Master's degree / Professional degree,trust_multidimensional,70.801
Former skeptics,education,Master's degree / Professional degree,trust_post,70.222
Former skeptics,education,Master's degree / Professional degree,distrust_post,29.651
Former skeptics,education,Master's degree / Professional degree,funding_perceptions,62.247
Former skeptics,education,Master's degree / Professional degree,policy_role_mean,61.041
Former skeptics,education,Master's degree / Professional degree,inst_trust_mean,60.903
Former skeptics,education,Master's degree / Professional degree,belief_post,71.736
Former skeptics,education,Master's degree / Professional degree,concern_mean,61.408
Former skeptics,education,Master's degree / Professional degree,policy_general,67.591
Former skeptics,education,Master's degree / Professional degree,policy_specific_mean,67.276
Former skeptics,education,Master's degree / Professional degree,behavior_mean,46.101
Former skeptics,education,Master's degree / Professional degree,donation_ams,2.029
Former skeptics,education,Master's degree / Professional degree,newsletter_signup,0.11
Funding,education,Master's degree / Professional degree,trust_multidimensional,70.561
Funding,education,Master's degree / Professional degree,trust_post,69.906
Funding,education,Master's degree / Professional degree,distrust_post,29.887
Funding,education,Master's degree / Professional degree,funding_perceptions,62.663
Funding,education,Master's degree / Professional degree,policy_role_mean,60.275
Funding,education,Master's degree / Professional degree,inst_trust_mean,60.86
Funding,education,Master's degree / Professional degree,belief_post,71.303
Funding,education,Master's degree / Professional degree,concern_mean,61.137
Funding,education,Master's degree / Professional degree,policy_general,67.379
Funding,education,Master's degree / Professional degree,policy_specific_mean,67.085
Funding,education,Master's degree / Professional degree,behavior_mean,46.0
Funding,education,Master's degree / Professional degree,donation_ams,2.017
Funding,education,Master's degree / Professional degree,newsletter_signup,0.11
High public trust,education,Master's degree / Professional degree,trust_multidimensional,70.78
High public trust,education,Master's degree / Professional degree,trust_post,70.371
High public trust,education,Master's degree / Professional degree,distrust_post,29.654
High public trust,education,Master's degree / Professional degree,funding_perceptions,62.147
High public trust,education,Master's degree / Professional degree,policy_role_mean,60.805
High public trust,education,Master's degree / Professional degree,inst_trust_mean,60.855
High public trust,education,Master's degree / Professional degree,belief_post,71.385
High public trust,education,Master's degree / Professional degree,concern_mean,61.187
High public trust,education,Master's degree / Professional degree,policy_general,67.428
High public trust,education,Master's degree / Professional degree,policy_specific_mean,67.125
High public trust,education,Master's degree / Professional degree,behavior_mean,46.025
High public trust,education,Master's degree / Professional degree,donation_ams,2.019
High public trust,education,Master's degree / Professional degree,newsletter_signup,0.11
Interview Prof. Maraun,education,Master's degree / Professional degree,trust_multidimensional,70.832
Interview Prof. Maraun,education,Master's degree / Professional degree,trust_post,70.09
Interview Prof. Maraun,education,Master's degree / Professional degree,distrust_post,29.784
Interview Prof. Maraun,education,Master's degree / Professional degree,funding_perceptions,62.13
Interview Prof. Maraun,education,Master's degree / Professional degree,policy_role_mean,60.9
Interview Prof. Maraun,education,Master's degree / Professional degree,inst_trust_mean,60.854
Interview Prof. Maraun,education,Master's degree / Professional degree,belief_post,71.381
Interview Prof. Maraun,education,Master's degree / Professional degree,concern_mean,61.188
Interview Prof. Maraun,education,Master's degree / Professional degree,policy_general,67.383
Interview Prof. Maraun,education,Master's degree / Professional degree,policy_specific_mean,67.106
Interview Prof. Maraun,education,Master's degree / Professional degree,behavior_mean,46.033
Interview Prof. Maraun,education,Master's degree / Professional degree,donation_ams,2.019
Interview Prof. Maraun,education,Master's degree / Professional degree,newsletter_signup,0.11
Interview Prof. Sebille,education,Master's degree / Professional degree,trust_multidimensional,70.747
Interview Prof. Sebille,education,Master's degree / Professional degree,trust_post,70.04
Interview Prof. Sebille,education,Master's degree / Professional degree,distrust_post,29.85
Interview Prof. Sebille,education,Master's degree / Professional degree,funding_perceptions,62.163
Interview Prof. Sebille,education,Master's degree / Professional degree,policy_role_mean,60.92
Interview Prof. Sebille,education,Master's degree / Professional degree,inst_trust_mean,60.81
Interview Prof. Sebille,education,Master's degree / Professional degree,belief_post,71.463
Interview Prof. Sebille,education,Master's degree / Professional degree,concern_mean,61.441
Interview Prof. Sebille,education,Master's degree / Professional degree,policy_general,67.534
Interview Prof. Sebille,education,Master's degree / Professional degree,policy_specific_mean,67.211
Interview Prof. Sebille,education,Master's degree / Professional degree,behavior_mean,46.092
Interview Prof. Sebille,education,Master's degree / Professional degree,donation_ams,2.024
Interview Prof. Sebille,education,Master's degree / Professional degree,newsletter_signup,0.11
Measurement & modeling (1),education,Master's degree / Professional degree,trust_multidimensional,70.599
Measurement & modeling (1),education,Master's degree / Professional degree,trust_post,69.916
Measurement & modeling (1),education,Master's degree / Professional degree,distrust_post,29.943
Measurement & modeling (1),education,Master's degree / Professional degree,funding_perceptions,62.097
Measurement & modeling (1),education,Master's degree / Professional degree,policy_role_mean,60.802
Measurement & modeling (1),education,Master's degree / Professional degree,inst_trust_mean,60.811
Measurement & modeling (1),education,Master's degree / Professional degree,belief_post,71.462
Measurement & modeling (1),education,Master's degree / Professional degree,concern_mean,61.216
Measurement & modeling (1),education,Master's degree / Professional degree,policy_general,67.391
Measurement & modeling (1),education,Master's degree / Professional degree,policy_specific_mean,67.098
Measurement & modeling (1),education,Master's degree / Professional degree,behavior_mean,46.014
Measurement & modeling (1),education,Master's degree / Professional degree,donation_ams,2.019
Measurement & modeling (1),education,Master's degree / Professional degree,newsletter_signup,0.11
Measurement & modeling (2),education,Master's degree / Professional degree,trust_multidimensional,70.548
Measurement & modeling (2),education,Master's degree / Professional degree,trust_post,69.841
Measurement & modeling (2),education,Master's degree / Professional degree,distrust_post,29.995
Measurement & modeling (2),education,Master's degree / Professional degree,funding_perceptions,62.085
Measurement & modeling (2),education,Master's degree / Professional degree,policy_role_mean,60.802
Measurement & modeling (2),education,Master's degree / Professional degree,inst_trust_mean,60.78
Measurement & modeling (2),education,Master's degree / Professional degree,belief_post,71.339
Measurement & modeling (2),education,Master's degree / Professional degree,concern_mean,61.132
Measurement & modeling (2),education,Master's degree / Professional degree,policy_general,67.377
Measurement & modeling (2),education,Master's degree / Professional degree,policy_specific_mean,67.103
Measurement & modeling (2),education,Master's degree / Professional degree,behavior_mean,46.022
Measurement & modeling (2),education,Master's degree / Professional degree,donation_ams,2.018
Measurement & modeling (2),education,Master's degree / Professional degree,newsletter_signup,0.11
Model accuracy,education,Master's degree / Professional degree,trust_multidimensional,70.692
Model accuracy,education,Master's degree / Professional degree,trust_post,70.084
Model accuracy,education,Master's degree / Professional degree,distrust_post,29.804
Model accuracy,education,Master's degree / Professional degree,funding_perceptions,62.201
Model accuracy,education,Master's degree / Professional degree,policy_role_mean,60.838
Model accuracy,education,Master's degree / Professional degree,inst_trust_mean,60.83
Model accuracy,education,Master's degree / Professional degree,belief_post,71.712
Model accuracy,education,Master's degree / Professional degree,concern_mean,61.269
Model accuracy,education,Master's degree / Professional degree,policy_general,67.479
Model accuracy,education,Master's degree / Professional degree,policy_specific_mean,67.15
Model accuracy,education,Master's degree / Professional degree,behavior_mean,46.044
Model accuracy,education,Master's degree / Professional degree,donation_ams,2.021
Model accuracy,education,Master's degree / Professional degree,newsletter_signup,0.11
Oil industry misinformation,education,Master's degree / Professional degree,trust_multidimensional,70.793
Oil industry misinformation,education,Master's degree / Professional degree,trust_post,70.203
Oil industry misinformation,education,Master's degree / Professional degree,distrust_post,29.605
Oil industry misinformation,education,Master's degree / Professional degree,funding_perceptions,62.346
Oil industry misinformation,education,Master's degree / Professional degree,policy_role_mean,60.977
Oil industry misinformation,education,Master's degree / Professional degree,inst_trust_mean,60.849
Oil industry misinformation,education,Master's degree / Professional degree,belief_post,71.734
Oil industry misinformation,education,Master's degree / Professional degree,concern_mean,61.501
Oil industry misinformation,education,Master's degree / Professional degree,policy_general,67.657
Oil industry misinformation,education,Master's degree / Professional degree,policy_specific_mean,67.308
Oil industry misinformation,education,Master's degree / Professional degree,behavior_mean,46.134
Oil industry misinformation,education,Master's degree / Professional degree,donation_ams,2.025
Oil industry misinformation,education,Master's degree / Professional degree,newsletter_signup,0.11
Peer-review,education,Master's degree / Professional degree,trust_multidimensional,70.68
Peer-review,education,Master's degree / Professional degree,trust_post,70.041
Peer-review,education,Master's degree / Professional degree,distrust_post,29.838
Peer-review,education,Master's degree / Professional degree,funding_perceptions,62.12
Peer-review,education,Master's degree / Professional degree,policy_role_mean,60.832
Peer-review,education,Master's degree / Professional degree,inst_trust_mean,60.798
Peer-review,education,Master's degree / Professional degree,belief_post,71.423
Peer-review,education,Master's degree / Professional degree,concern_mean,61.187
Peer-review,education,Master's degree / Professional degree,policy_general,67.431
Peer-review,education,Master's degree / Professional degree,policy_specific_mean,67.136
Peer-review,education,Master's degree / Professional degree,behavior_mean,46.004
Peer-review,education,Master's degree / Professional degree,donation_ams,2.021
Peer-review,education,Master's degree / Professional degree,newsletter_signup,0.11
Portrait Prof. Cherry,education,Master's degree / Professional degree,trust_multidimensional,70.632
Portrait Prof. Cherry,education,Master's degree / Professional degree,trust_post,69.923
Portrait Prof. Cherry,education,Master's degree / Professional degree,distrust_post,29.92
Portrait Prof. Cherry,education,Master's degree / Professional degree,funding_perceptions,62.083
Portrait Prof. Cherry,education,Master's degree / Professional degree,policy_role_mean,60.94
Portrait Prof. Cherry,education,Master's degree / Professional degree,inst_trust_mean,60.798
Portrait Prof. Cherry,education,Master's degree / Professional degree,belief_post,71.315
Portrait Prof. Cherry,education,Master's degree / Professional degree,concern_mean,61.197
Portrait Prof. Cherry,education,Master's degree / Professional degree,policy_general,67.427
Portrait Prof. Cherry,education,Master's degree / Professional degree,policy_specific_mean,67.171
Portrait Prof. Cherry,education,Master's degree / Professional degree,behavior_mean,46.047
Portrait Prof. Cherry,education,Master's degree / Professional degree,donation_ams,2.024
Portrait Prof. Cherry,education,Master's degree / Professional degree,newsletter_signup,0.11
Scientist community helpers,education,Master's degree / Professional degree,trust_multidimensional,70.989
Scientist community helpers,education,Master's degree / Professional degree,trust_post,70.298
Scientist community helpers,education,Master's degree / Professional degree,distrust_post,29.666
Scientist community helpers,education,Master's degree / Professional degree,funding_perceptions,62.261
Scientist community helpers,education,Master's degree / Professional degree,policy_role_mean,61.103
Scientist community helpers,education,Master's degree / Professional degree,inst_trust_mean,60.901
Scientist community helpers,education,Master's degree / Professional degree,belief_post,71.422
Scientist community helpers,education,Master's degree / Professional degree,concern_mean,61.273
Scientist community helpers,education,Master's degree / Professional degree,policy_general,67.502
Scientist community helpers,education,Master's degree / Professional degree,policy_specific_mean,67.243
Scientist community helpers,education,Master's degree / Professional degree,behavior_mean,46.099
Scientist community helpers,education,Master's degree / Professional degree,donation_ams,2.024
Scientist community helpers,education,Master's degree / Professional degree,newsletter_signup,0.111
Social justice,education,Master's degree / Professional degree,trust_multidimensional,70.397
Social justice,education,Master's degree / Professional degree,trust_post,69.766
Social justice,education,Master's degree / Professional degree,distrust_post,30.014
Social justice,education,Master's degree / Professional degree,funding_perceptions,62.273
Social justice,education,Master's degree / Professional degree,policy_role_mean,61.009
Social justice,education,Master's degree / Professional degree,inst_trust_mean,60.791
Social justice,education,Master's degree / Professional degree,belief_post,71.408
Social justice,education,Master's degree / Professional degree,concern_mean,61.478
Social justice,education,Master's degree / Professional degree,policy_general,67.702
Social justice,education,Master's degree / Professional degree,policy_specific_mean,67.363
Social justice,education,Master's degree / Professional degree,behavior_mean,46.154
Social justice,education,Master's degree / Professional degree,donation_ams,2.021
Social justice,education,Master's degree / Professional degree,newsletter_signup,0.11
control,education,Some college or Associate's degree,trust_multidimensional,64.496
control,education,Some college or Associate's degree,trust_post,62.095
control,education,Some college or Associate's degree,distrust_post,35.253
control,education,Some college or Associate's degree,funding_perceptions,57.389
control,education,Some college or Associate's degree,policy_role_mean,56.749
control,education,Some college or Associate's degree,inst_trust_mean,54.853
control,education,Some college or Associate's degree,belief_post,62.247
control,education,Some college or Associate's degree,concern_mean,56.009
control,education,Some college or Associate's degree,policy_general,62.999
control,education,Some college or Associate's degree,policy_specific_mean,63.642
control,education,Some college or Associate's degree,behavior_mean,43.65
control,education,Some college or Associate's degree,donation_ams,1.942
control,education,Some college or Associate's degree,newsletter_signup,0.104
Consensus,education,Some college or Associate's degree,trust_multidimensional,66.018
Consensus,education,Some college or Associate's degree,trust_post,63.901
Consensus,education,Some college or Associate's degree,distrust_post,34.055
Consensus,education,Some college or Associate's degree,funding_perceptions,58.208
Consensus,education,Some college or Associate's degree,policy_role_mean,57.636
Consensus,education,Some college or Associate's degree,inst_trust_mean,55.464
Consensus,education,Some college or Associate's degree,belief_post,64.134
Consensus,education,Some college or Associate's degree,concern_mean,56.789
Consensus,education,Some college or Associate's degree,policy_general,63.697
Consensus,education,Some college or Associate's degree,policy_specific_mean,64.114
Consensus,education,Some college or Associate's degree,behavior_mean,44.02
Consensus,education,Some college or Associate's degree,donation_ams,1.982
Consensus,education,Some college or Associate's degree,newsletter_signup,0.108
Corporate reliance,education,Some college or Associate's degree,trust_multidimensional,65.927
Corporate reliance,education,Some college or Associate's degree,trust_post,63.739
Corporate reliance,education,Some college or Associate's degree,distrust_post,34.141
Corporate reliance,education,Some college or Associate's degree,funding_perceptions,58.095
Corporate reliance,education,Some college or Associate's degree,policy_role_mean,57.593
Corporate reliance,education,Some college or Associate's degree,inst_trust_mean,55.374
Corporate reliance,education,Some college or Associate's degree,belief_post,62.847
Corporate reliance,education,Some college or Associate's degree,concern_mean,56.483
Corporate reliance,education,Some college or Associate's degree,policy_general,63.49
Corporate reliance,education,Some college or Associate's degree,policy_specific_mean,64.028
Corporate reliance,education,Some college or Associate's degree,behavior_mean,43.951
Corporate reliance,education,Some college or Associate's degree,donation_ams,1.979
Corporate reliance,education,Some college or Associate's degree,newsletter_signup,0.108
Extreme weather predictions,education,Some college or Associate's degree,trust_multidimensional,65.831
Extreme weather predictions,education,Some college or Associate's degree,trust_post,63.576
Extreme weather predictions,education,Some college or Associate's degree,distrust_post,34.259
Extreme weather predictions,education,Some college or Associate's degree,funding_perceptions,58.157
Extreme weather predictions,education,Some college or Associate's degree,policy_role_mean,57.597
Extreme weather predictions,education,Some college or Associate's degree,inst_trust_mean,55.511
Extreme weather predictions,education,Some college or Associate's degree,belief_post,62.831
Extreme weather predictions,education,Some college or Associate's degree,concern_mean,56.596
Extreme weather predictions,education,Some college or Associate's degree,policy_general,63.476
Extreme weather predictions,education,Some college or Associate's degree,policy_specific_mean,64.003
Extreme weather predictions,education,Some college or Associate's degree,behavior_mean,43.942
Extreme weather predictions,education,Some college or Associate's degree,donation_ams,1.976
Extreme weather predictions,education,Some college or Associate's degree,newsletter_signup,0.108
Former skeptics,education,Some college or Associate's degree,trust_multidimensional,66.023
Former skeptics,education,Some college or Associate's degree,trust_post,63.859
Former skeptics,education,Some college or Associate's degree,distrust_post,33.988
Former skeptics,education,Some college or Associate's degree,funding_perceptions,58.187
Former skeptics,education,Some college or Associate's degree,policy_role_mean,57.736
Former skeptics,education,Some college or Associate's degree,inst_trust_mean,55.465
Former skeptics,education,Some college or Associate's degree,belief_post,63.275
Former skeptics,education,Some college or Associate's degree,concern_mean,56.705
Former skeptics,education,Some college or Associate's degree,policy_general,63.638
Former skeptics,education,Some college or Associate's degree,policy_specific_mean,64.134
Former skeptics,education,Some college or Associate's degree,behavior_mean,44.007
Former skeptics,education,Some college or Associate's degree,donation_ams,1.986
Former skeptics,education,Some college or Associate's degree,newsletter_signup,0.108
Funding,education,Some college or Associate's degree,trust_multidimensional,65.73
Funding,education,Some college or Associate's degree,trust_post,63.472
Funding,education,Some college or Associate's degree,distrust_post,34.253
Funding,education,Some college or Associate's degree,funding_perceptions,58.648
Funding,education,Some college or Associate's degree,policy_role_mean,56.893
Funding,education,Some college or Associate's degree,inst_trust_mean,55.415
Funding,education,Some college or Associate's degree,belief_post,62.746
Funding,education,Some college or Associate's degree,concern_mean,56.403
Funding,education,Some college or Associate's degree,policy_general,63.406
Funding,education,Some college or Associate's degree,policy_specific_mean,63.925
Funding,education,Some college or Associate's degree,behavior_mean,43.899
Funding,education,Some college or Associate's degree,donation_ams,1.975
Funding,education,Some college or Associate's degree,newsletter_signup,0.107
High public trust,education,Some college or Associate's degree,trust_multidimensional,65.998
High public trust,education,Some college or Associate's degree,trust_post,64.041
High public trust,education,Some college or Associate's degree,distrust_post,33.991
High public trust,education,Some college or Associate's degree,funding_perceptions,58.076
High public trust,education,Some college or Associate's degree,policy_role_mean,57.476
High public trust,education,Some college or Associate's degree,inst_trust_mean,55.409
High public trust,education,Some college or Associate's degree,belief_post,62.846
High public trust,education,Some college or Associate's degree,concern_mean,56.458
High public trust,education,Some college or Associate's degree,policy_general,63.46
High public trust,education,Some college or Associate's degree,policy_specific_mean,63.969
High public trust,education,Some college or Associate's degree,behavior_mean,43.925
High public trust,education,Some college or Associate's degree,donation_ams,1.977
High public trust,education,Some college or Associate's degree,newsletter_signup,0.107
Interview Prof. Maraun,education,Some college or Associate's degree,trust_multidimensional,66.061
Interview Prof. Maraun,education,Some college or Associate's degree,trust_post,63.697
Interview Prof. Maraun,education,Some college or Associate's degree,distrust_post,34.137
Interview Prof. Maraun,education,Some college or Associate's degree,funding_perceptions,58.057
Interview Prof. Maraun,education,Some college or Associate's degree,policy_role_mean,57.581
Interview Prof. Maraun,education,Some college or Associate's degree,inst_trust_mean,55.408
Interview Prof. Maraun,education,Some college or Associate's degree,belief_post,62.841
Interview Prof. Maraun,education,Some college or Associate's degree,concern_mean,56.46
Interview Prof. Maraun,education,Some college or Associate's degree,policy_general,63.41
Interview Prof. Maraun,education,Some college or Associate's degree,policy_specific_mean,63.948
Interview Prof. Maraun,education,Some college or Associate's degree,behavior_mean,43.934
Interview Prof. Maraun,education,Some college or Associate's degree,donation_ams,1.977
Interview Prof. Maraun,education,Some college or Associate's degree,newsletter_signup,0.108
Interview Prof. Sebille,education,Some college or Associate's degree,trust_multidimensional,65.957
Interview Prof. Sebille,education,Some college or Associate's degree,trust_post,63.636
Interview Prof. Sebille,education,Some college or Associate's degree,distrust_post,34.211
Interview Prof. Sebille,education,Some college or Associate's degree,funding_perceptions,58.094
Interview Prof. Sebille,education,Some college or Associate's degree,policy_role_mean,57.603
Interview Prof. Sebille,education,Some college or Associate's degree,inst_trust_mean,55.356
Interview Prof. Sebille,education,Some college or Associate's degree,belief_post,62.942
Interview Prof. Sebille,education,Some college or Associate's degree,concern_mean,56.741
Interview Prof. Sebille,education,Some college or Associate's degree,policy_general,63.576
Interview Prof. Sebille,education,Some college or Associate's degree,policy_specific_mean,64.063
Interview Prof. Sebille,education,Some college or Associate's degree,behavior_mean,43.997
Interview Prof. Sebille,education,Some college or Associate's degree,donation_ams,1.981
Interview Prof. Sebille,education,Some college or Associate's degree,newsletter_signup,0.108
Measurement & modeling (1),education,Some college or Associate's degree,trust_multidimensional,65.776
Measurement & modeling (1),education,Some college or Associate's degree,trust_post,63.485
Measurement & modeling (1),education,Some college or Associate's degree,distrust_post,34.316
Measurement & modeling (1),education,Some college or Associate's degree,funding_perceptions,58.02
Measurement & modeling (1),education,Some college or Associate's degree,policy_role_mean,57.472
Measurement & modeling (1),education,Some college or Associate's degree,inst_trust_mean,55.356
Measurement & modeling (1),education,Some college or Associate's degree,belief_post,62.94
Measurement & modeling (1),education,Some college or Associate's degree,concern_mean,56.49
Measurement & modeling (1),education,Some college or Associate's degree,policy_general,63.419
Measurement & modeling (1),education,Some college or Associate's degree,policy_specific_mean,63.939
Measurement & modeling (1),education,Some college or Associate's degree,behavior_mean,43.914
Measurement & modeling (1),education,Some college or Associate's degree,donation_ams,1.977
Measurement & modeling (1),education,Some college or Associate's degree,newsletter_signup,0.107
Measurement & modeling (2),education,Some college or Associate's degree,trust_multidimensional,65.714
Measurement & modeling (2),education,Some college or Associate's degree,trust_post,63.393
Measurement & modeling (2),education,Some college or Associate's degree,distrust_post,34.375
Measurement & modeling (2),education,Some college or Associate's degree,funding_perceptions,58.007
Measurement & modeling (2),education,Some college or Associate's degree,policy_role_mean,57.473
Measurement & modeling (2),education,Some college or Associate's degree,inst_trust_mean,55.32
Measurement & modeling (2),education,Some college or Associate's degree,belief_post,62.79
Measurement & modeling (2),education,Some college or Associate's degree,concern_mean,56.397
Measurement & modeling (2),education,Some college or Associate's degree,policy_general,63.404
Measurement & modeling (2),education,Some college or Associate's degree,policy_specific_mean,63.945
Measurement & modeling (2),education,Some college or Associate's degree,behavior_mean,43.923
Measurement & modeling (2),education,Some college or Associate's degree,donation_ams,1.975
Measurement & modeling (2),education,Some college or Associate's degree,newsletter_signup,0.107
Model accuracy,education,Some college or Associate's degree,trust_multidimensional,65.89
Model accuracy,education,Some college or Associate's degree,trust_post,63.69
Model accuracy,education,Some college or Associate's degree,distrust_post,34.16
Model accuracy,education,Some college or Associate's degree,funding_perceptions,58.135
Model accuracy,education,Some college or Associate's degree,policy_role_mean,57.512
Model accuracy,education,Some college or Associate's degree,inst_trust_mean,55.378
Model accuracy,education,Some college or Associate's degree,belief_post,63.247
Model accuracy,education,Some college or Associate's degree,concern_mean,56.55
Model accuracy,education,Some college or Associate's degree,policy_general,63.516
Model accuracy,education,Some college or Associate's degree,policy_specific_mean,63.996
Model accuracy,education,Some college or Associate's degree,behavior_mean,43.946
Model accuracy,education,Some college or Associate's degree,donation_ams,1.979
Model accuracy,education,Some college or Associate's degree,newsletter_signup,0.108
Oil industry misinformation,education,Some college or Associate's degree,trust_multidimensional,66.014
Oil industry misinformation,education,Some college or Associate's degree,trust_post,63.835
Oil industry misinformation,education,Some college or Associate's degree,distrust_post,33.936
Oil industry misinformation,education,Some college or Associate's degree,funding_perceptions,58.297
Oil industry misinformation,education,Some college or Associate's degree,policy_role_mean,57.665
Oil industry misinformation,education,Some college or Associate's degree,inst_trust_mean,55.401
Oil industry misinformation,education,Some college or Associate's degree,belief_post,63.273
Oil industry misinformation,education,Some college or Associate's degree,concern_mean,56.809
Oil industry misinformation,education,Some college or Associate's degree,policy_general,63.711
Oil industry misinformation,education,Some college or Associate's degree,policy_specific_mean,64.168
Oil industry misinformation,education,Some college or Associate's degree,behavior_mean,44.041
Oil industry misinformation,education,Some college or Associate's degree,donation_ams,1.982
Oil industry misinformation,education,Some college or Associate's degree,newsletter_signup,0.108
Peer-review,education,Some college or Associate's degree,trust_multidimensional,65.875
Peer-review,education,Some college or Associate's degree,trust_post,63.637
Peer-review,education,Some college or Associate's degree,distrust_post,34.198
Peer-review,education,Some college or Associate's degree,funding_perceptions,58.046
Peer-review,education,Some college or Associate's degree,policy_role_mean,57.505
Peer-review,education,Some college or Associate's degree,inst_trust_mean,55.341
Peer-review,education,Some college or Associate's degree,belief_post,62.893
Peer-review,education,Some college or Associate's degree,concern_mean,56.459
Peer-review,education,Some college or Associate's degree,policy_general,63.463
Peer-review,education,Some college or Associate's degree,policy_specific_mean,63.981
Peer-review,education,Some college or Associate's degree,behavior_mean,43.903
Peer-review,education,Some college or Associate's degree,donation_ams,1.979
Peer-review,education,Some college or Associate's degree,newsletter_signup,0.108
Portrait Prof. Cherry,education,Some college or Associate's degree,trust_multidimensional,65.816
Portrait Prof. Cherry,education,Some college or Associate's degree,trust_post,63.492
Portrait Prof. Cherry,education,Some college or Associate's degree,distrust_post,34.29
Portrait Prof. Cherry,education,Some college or Associate's degree,funding_perceptions,58.004
Portrait Prof. Cherry,education,Some college or Associate's degree,policy_role_mean,57.624
Portrait Prof. Cherry,education,Some college or Associate's degree,inst_trust_mean,55.341
Portrait Prof. Cherry,education,Some college or Associate's degree,belief_post,62.761
Portrait Prof. Cherry,education,Some college or Associate's degree,concern_mean,56.47
Portrait Prof. Cherry,education,Some college or Associate's degree,policy_general,63.459
Portrait Prof. Cherry,education,Some college or Associate's degree,policy_specific_mean,64.019
Portrait Prof. Cherry,education,Some college or Associate's degree,behavior_mean,43.949
Portrait Prof. Cherry,education,Some college or Associate's degree,donation_ams,1.981
Portrait Prof. Cherry,education,Some college or Associate's degree,newsletter_signup,0.108
Scientist community helpers,education,Some college or Associate's degree,trust_multidimensional,66.253
Scientist community helpers,education,Some college or Associate's degree,trust_post,63.952
Scientist community helpers,education,Some college or Associate's degree,distrust_post,34.005
Scientist community helpers,education,Some college or Associate's degree,funding_perceptions,58.202
Scientist community helpers,education,Some college or Associate's degree,policy_role_mean,57.803
Scientist community helpers,education,Some college or Associate's degree,inst_trust_mean,55.463
Scientist community helpers,education,Some college or Associate's degree,belief_post,62.892
Scientist community helpers,education,Some college or Associate's degree,concern_mean,56.554
Scientist community helpers,education,Some college or Associate's degree,policy_general,63.541
Scientist community helpers,education,Some college or Associate's degree,policy_specific_mean,64.098
Scientist community helpers,education,Some college or Associate's degree,behavior_mean,44.004
Scientist community helpers,education,Some college or Associate's degree,donation_ams,1.982
Scientist community helpers,education,Some college or Associate's degree,newsletter_signup,0.108
Social justice,education,Some college or Associate's degree,trust_multidimensional,65.528
Social justice,education,Some college or Associate's degree,trust_post,63.301
Social justice,education,Some college or Associate's degree,distrust_post,34.396
Social justice,education,Some college or Associate's degree,funding_perceptions,58.215
Social justice,education,Some college or Associate's degree,policy_role_mean,57.701
Social justice,education,Some college or Associate's degree,inst_trust_mean,55.332
Social justice,education,Some college or Associate's degree,belief_post,62.874
Social justice,education,Some college or Associate's degree,concern_mean,56.782
Social justice,education,Some college or Associate's degree,policy_general,63.761
Social justice,education,Some college or Associate's degree,policy_specific_mean,64.227
Social justice,education,Some college or Associate's degree,behavior_mean,44.062
Social justice,education,Some college or Associate's degree,donation_ams,1.979
Social justice,education,Some college or Associate's degree,newsletter_signup,0.108
control,income,"$100,000 to $167,999",trust_multidimensional,65.76
control,income,"$100,000 to $167,999",trust_post,63.777
control,income,"$100,000 to $167,999",distrust_post,33.85
control,income,"$100,000 to $167,999",funding_perceptions,58.389
control,income,"$100,000 to $167,999",policy_role_mean,58.176
control,income,"$100,000 to $167,999",inst_trust_mean,56.108
control,income,"$100,000 to $167,999",belief_post,64.252
control,income,"$100,000 to $167,999",concern_mean,56.793
control,income,"$100,000 to $167,999",policy_general,64.203
control,income,"$100,000 to $167,999",policy_specific_mean,64.751
control,income,"$100,000 to $167,999",behavior_mean,44.182
control,income,"$100,000 to $167,999",donation_ams,1.934
control,income,"$100,000 to $167,999",newsletter_signup,0.105
Consensus,income,"$100,000 to $167,999",trust_multidimensional,67.207
Consensus,income,"$100,000 to $167,999",trust_post,65.495
Consensus,income,"$100,000 to $167,999",distrust_post,32.698
Consensus,income,"$100,000 to $167,999",funding_perceptions,59.187
Consensus,income,"$100,000 to $167,999",policy_role_mean,59.028
Consensus,income,"$100,000 to $167,999",inst_trust_mean,56.695
Consensus,income,"$100,000 to $167,999",belief_post,66.056
Consensus,income,"$100,000 to $167,999",concern_mean,57.557
Consensus,income,"$100,000 to $167,999",policy_general,64.88
Consensus,income,"$100,000 to $167,999",policy_specific_mean,65.21
Consensus,income,"$100,000 to $167,999",behavior_mean,44.547
Consensus,income,"$100,000 to $167,999",donation_ams,1.974
Consensus,income,"$100,000 to $167,999",newsletter_signup,0.109
Corporate reliance,income,"$100,000 to $167,999",trust_multidimensional,67.122
Corporate reliance,income,"$100,000 to $167,999",trust_post,65.341
Corporate reliance,income,"$100,000 to $167,999",distrust_post,32.781
Corporate reliance,income,"$100,000 to $167,999",funding_perceptions,59.078
Corporate reliance,income,"$100,000 to $167,999",policy_role_mean,58.987
Corporate reliance,income,"$100,000 to $167,999",inst_trust_mean,56.609
Corporate reliance,income,"$100,000 to $167,999",belief_post,64.825
Corporate reliance,income,"$100,000 to $167,999",concern_mean,57.257
Corporate reliance,income,"$100,000 to $167,999",policy_general,64.678
Corporate reliance,income,"$100,000 to $167,999",policy_specific_mean,65.127
Corporate reliance,income,"$100,000 to $167,999",behavior_mean,44.479
Corporate reliance,income,"$100,000 to $167,999",donation_ams,1.971
Corporate reliance,income,"$100,000 to $167,999",newsletter_signup,0.109
Extreme weather predictions,income,"$100,000 to $167,999",trust_multidimensional,67.03
Extreme weather predictions,income,"$100,000 to $167,999",trust_post,65.185
Extreme weather predictions,income,"$100,000 to $167,999",distrust_post,32.894
Extreme weather predictions,income,"$100,000 to $167,999",funding_perceptions,59.138
Extreme weather predictions,income,"$100,000 to $167,999",policy_role_mean,58.991
Extreme weather predictions,income,"$100,000 to $167,999",inst_trust_mean,56.74
Extreme weather predictions,income,"$100,000 to $167,999",belief_post,64.81
Extreme weather predictions,income,"$100,000 to $167,999",concern_mean,57.368
Extreme weather predictions,income,"$100,000 to $167,999",policy_general,64.665
Extreme weather predictions,income,"$100,000 to $167,999",policy_specific_mean,65.102
Extreme weather predictions,income,"$100,000 to $167,999",behavior_mean,44.47
Extreme weather predictions,income,"$100,000 to $167,999",donation_ams,1.968
Extreme weather predictions,income,"$100,000 to $167,999",newsletter_signup,0.109
Former skeptics,income,"$100,000 to $167,999",trust_multidimensional,67.213
Former skeptics,income,"$100,000 to $167,999",trust_post,65.454
Former skeptics,income,"$100,000 to $167,999",distrust_post,32.633
Former skeptics,income,"$100,000 to $167,999",funding_perceptions,59.167
Former skeptics,income,"$100,000 to $167,999",policy_role_mean,59.124
Former skeptics,income,"$100,000 to $167,999",inst_trust_mean,56.696
Former skeptics,income,"$100,000 to $167,999",belief_post,65.234
Former skeptics,income,"$100,000 to $167,999",concern_mean,57.475
Former skeptics,income,"$100,000 to $167,999",policy_general,64.823
Former skeptics,income,"$100,000 to $167,999",policy_specific_mean,65.229
Former skeptics,income,"$100,000 to $167,999",behavior_mean,44.534
Former skeptics,income,"$100,000 to $167,999",donation_ams,1.979
Former skeptics,income,"$100,000 to $167,999",newsletter_signup,0.109
Funding,income,"$100,000 to $167,999",trust_multidimensional,66.934
Funding,income,"$100,000 to $167,999",trust_post,65.087
Funding,income,"$100,000 to $167,999",distrust_post,32.888
Funding,income,"$100,000 to $167,999",funding_perceptions,59.617
Funding,income,"$100,000 to $167,999",policy_role_mean,58.315
Funding,income,"$100,000 to $167,999",inst_trust_mean,56.647
Funding,income,"$100,000 to $167,999",belief_post,64.729
Funding,income,"$100,000 to $167,999",concern_mean,57.179
Funding,income,"$100,000 to $167,999",policy_general,64.597
Funding,income,"$100,000 to $167,999",policy_specific_mean,65.027
Funding,income,"$100,000 to $167,999",behavior_mean,44.428
Funding,income,"$100,000 to $167,999",donation_ams,1.967
Funding,income,"$100,000 to $167,999",newsletter_signup,0.109
High public trust,income,"$100,000 to $167,999",trust_multidimensional,67.189
High public trust,income,"$100,000 to $167,999",trust_post,65.628
High public trust,income,"$100,000 to $167,999",distrust_post,32.637
High public trust,income,"$100,000 to $167,999",funding_perceptions,59.059
High public trust,income,"$100,000 to $167,999",policy_role_mean,58.874
High public trust,income,"$100,000 to $167,999",inst_trust_mean,56.641
High public trust,income,"$100,000 to $167,999",belief_post,64.824
High public trust,income,"$100,000 to $167,999",concern_mean,57.233
High public trust,income,"$100,000 to $167,999",policy_general,64.649
High public trust,income,"$100,000 to $167,999",policy_specific_mean,65.069
High public trust,income,"$100,000 to $167,999",behavior_mean,44.454
High public trust,income,"$100,000 to $167,999",donation_ams,1.969
High public trust,income,"$100,000 to $167,999",newsletter_signup,0.109
Interview Prof. Maraun,income,"$100,000 to $167,999",trust_multidimensional,67.249
Interview Prof. Maraun,income,"$100,000 to $167,999",trust_post,65.301
Interview Prof. Maraun,income,"$100,000 to $167,999",distrust_post,32.777
Interview Prof. Maraun,income,"$100,000 to $167,999",funding_perceptions,59.04
Interview Prof. Maraun,income,"$100,000 to $167,999",policy_role_mean,58.975
Interview Prof. Maraun,income,"$100,000 to $167,999",inst_trust_mean,56.64
Interview Prof. Maraun,income,"$100,000 to $167,999",belief_post,64.82
Interview Prof. Maraun,income,"$100,000 to $167,999",concern_mean,57.235
Interview Prof. Maraun,income,"$100,000 to $167,999",policy_general,64.601
Interview Prof. Maraun,income,"$100,000 to $167,999",policy_specific_mean,65.049
Interview Prof. Maraun,income,"$100,000 to $167,999",behavior_mean,44.463
Interview Prof. Maraun,income,"$100,000 to $167,999",donation_ams,1.969
Interview Prof. Maraun,income,"$100,000 to $167,999",newsletter_signup,0.109
Interview Prof. Sebille,income,"$100,000 to $167,999",trust_multidimensional,67.15
Interview Prof. Sebille,income,"$100,000 to $167,999",trust_post,65.242
Interview Prof. Sebille,income,"$100,000 to $167,999",distrust_post,32.848
Interview Prof. Sebille,income,"$100,000 to $167,999",funding_perceptions,59.076
Interview Prof. Sebille,income,"$100,000 to $167,999",policy_role_mean,58.996
Interview Prof. Sebille,income,"$100,000 to $167,999",inst_trust_mean,56.591
Interview Prof. Sebille,income,"$100,000 to $167,999",belief_post,64.916
Interview Prof. Sebille,income,"$100,000 to $167,999",concern_mean,57.51
Interview Prof. Sebille,income,"$100,000 to $167,999",policy_general,64.763
Interview Prof. Sebille,income,"$100,000 to $167,999",policy_specific_mean,65.16
Interview Prof. Sebille,income,"$100,000 to $167,999",behavior_mean,44.525
Interview Prof. Sebille,income,"$100,000 to $167,999",donation_ams,1.973
Interview Prof. Sebille,income,"$100,000 to $167,999",newsletter_signup,0.109
Measurement & modeling (1),income,"$100,000 to $167,999",trust_multidimensional,66.978
Measurement & modeling (1),income,"$100,000 to $167,999",trust_post,65.099
Measurement & modeling (1),income,"$100,000 to $167,999",distrust_post,32.949
Measurement & modeling (1),income,"$100,000 to $167,999",funding_perceptions,59.004
Measurement & modeling (1),income,"$100,000 to $167,999",policy_role_mean,58.871
Measurement & modeling (1),income,"$100,000 to $167,999",inst_trust_mean,56.591
Measurement & modeling (1),income,"$100,000 to $167,999",belief_post,64.914
Measurement & modeling (1),income,"$100,000 to $167,999",concern_mean,57.264
Measurement & modeling (1),income,"$100,000 to $167,999",policy_general,64.61
Measurement & modeling (1),income,"$100,000 to $167,999",policy_specific_mean,65.04
Measurement & modeling (1),income,"$100,000 to $167,999",behavior_mean,44.443
Measurement & modeling (1),income,"$100,000 to $167,999",donation_ams,1.969
Measurement & modeling (1),income,"$100,000 to $167,999",newsletter_signup,0.109
Measurement & modeling (2),income,"$100,000 to $167,999",trust_multidimensional,66.919
Measurement & modeling (2),income,"$100,000 to $167,999",trust_post,65.011
Measurement & modeling (2),income,"$100,000 to $167,999",distrust_post,33.005
Measurement & modeling (2),income,"$100,000 to $167,999",funding_perceptions,58.992
Measurement & modeling (2),income,"$100,000 to $167,999",policy_role_mean,58.872
Measurement & modeling (2),income,"$100,000 to $167,999",inst_trust_mean,56.556
Measurement & modeling (2),income,"$100,000 to $167,999",belief_post,64.771
Measurement & modeling (2),income,"$100,000 to $167,999",concern_mean,57.173
Measurement & modeling (2),income,"$100,000 to $167,999",policy_general,64.595
Measurement & modeling (2),income,"$100,000 to $167,999",policy_specific_mean,65.046
Measurement & modeling (2),income,"$100,000 to $167,999",behavior_mean,44.452
Measurement & modeling (2),income,"$100,000 to $167,999",donation_ams,1.968
Measurement & modeling (2),income,"$100,000 to $167,999",newsletter_signup,0.109
Model accuracy,income,"$100,000 to $167,999",trust_multidimensional,67.086
Model accuracy,income,"$100,000 to $167,999",trust_post,65.294
Model accuracy,income,"$100,000 to $167,999",distrust_post,32.799
Model accuracy,income,"$100,000 to $167,999",funding_perceptions,59.117
Model accuracy,income,"$100,000 to $167,999",policy_role_mean,58.909
Model accuracy,income,"$100,000 to $167,999",inst_trust_mean,56.613
Model accuracy,income,"$100,000 to $167,999",belief_post,65.207
Model accuracy,income,"$100,000 to $167,999",concern_mean,57.323
Model accuracy,income,"$100,000 to $167,999",policy_general,64.704
Model accuracy,income,"$100,000 to $167,999",policy_specific_mean,65.095
Model accuracy,income,"$100,000 to $167,999",behavior_mean,44.474
Model accuracy,income,"$100,000 to $167,999",donation_ams,1.971
Model accuracy,income,"$100,000 to $167,999",newsletter_signup,0.109
Oil industry misinformation,income,"$100,000 to $167,999",trust_multidimensional,67.204
Oil industry misinformation,income,"$100,000 to $167,999",trust_post,65.432
Oil industry misinformation,income,"$100,000 to $167,999",distrust_post,32.584
Oil industry misinformation,income,"$100,000 to $167,999",funding_perceptions,59.274
Oil industry misinformation,income,"$100,000 to $167,999",policy_role_mean,59.056
Oil industry misinformation,income,"$100,000 to $167,999",inst_trust_mean,56.635
Oil industry misinformation,income,"$100,000 to $167,999",belief_post,65.233
Oil industry misinformation,income,"$100,000 to $167,999",concern_mean,57.576
Oil industry misinformation,income,"$100,000 to $167,999",policy_general,64.893
Oil industry misinformation,income,"$100,000 to $167,999",policy_specific_mean,65.263
Oil industry misinformation,income,"$100,000 to $167,999",behavior_mean,44.568
Oil industry misinformation,income,"$100,000 to $167,999",donation_ams,1.975
Oil industry misinformation,income,"$100,000 to $167,999",newsletter_signup,0.109
Peer-review,income,"$100,000 to $167,999",trust_multidimensional,67.072
Peer-review,income,"$100,000 to $167,999",trust_post,65.244
Peer-review,income,"$100,000 to $167,999",distrust_post,32.836
Peer-review,income,"$100,000 to $167,999",funding_perceptions,59.029
Peer-review,income,"$100,000 to $167,999",policy_role_mean,58.903
Peer-review,income,"$100,000 to $167,999",inst_trust_mean,56.576
Peer-review,income,"$100,000 to $167,999",belief_post,64.87
Peer-review,income,"$100,000 to $167,999",concern_mean,57.233
Peer-review,income,"$100,000 to $167,999",policy_general,64.652
Peer-review,income,"$100,000 to $167,999",policy_specific_mean,65.08
Peer-review,income,"$100,000 to $167,999",behavior_mean,44.432
Peer-review,income,"$100,000 to $167,999",donation_ams,1.971
Peer-review,income,"$100,000 to $167,999",newsletter_signup,0.109
Portrait Prof. Cherry,income,"$100,000 to $167,999",trust_multidimensional,67.016
Portrait Prof. Cherry,income,"$100,000 to $167,999",trust_post,65.106
Portrait Prof. Cherry,income,"$100,000 to $167,999",distrust_post,32.924
Portrait Prof. Cherry,income,"$100,000 to $167,999",funding_perceptions,58.989
Portrait Prof. Cherry,income,"$100,000 to $167,999",policy_role_mean,59.017
Portrait Prof. Cherry,income,"$100,000 to $167,999",inst_trust_mean,56.577
Portrait Prof. Cherry,income,"$100,000 to $167,999",belief_post,64.743
Portrait Prof. Cherry,income,"$100,000 to $167,999",concern_mean,57.244
Portrait Prof. Cherry,income,"$100,000 to $167,999",policy_general,64.649
Portrait Prof. Cherry,income,"$100,000 to $167,999",policy_specific_mean,65.117
Portrait Prof. Cherry,income,"$100,000 to $167,999",behavior_mean,44.478
Portrait Prof. Cherry,income,"$100,000 to $167,999",donation_ams,1.973
Portrait Prof. Cherry,income,"$100,000 to $167,999",newsletter_signup,0.109
Scientist community helpers,income,"$100,000 to $167,999",trust_multidimensional,67.432
Scientist community helpers,income,"$100,000 to $167,999",trust_post,65.543
Scientist community helpers,income,"$100,000 to $167,999",distrust_post,32.65
Scientist community helpers,income,"$100,000 to $167,999",funding_perceptions,59.181
Scientist community helpers,income,"$100,000 to $167,999",policy_role_mean,59.189
Scientist community helpers,income,"$100,000 to $167,999",inst_trust_mean,56.694
Scientist community helpers,income,"$100,000 to $167,999",belief_post,64.868
Scientist community helpers,income,"$100,000 to $167,999",concern_mean,57.327
Scientist community helpers,income,"$100,000 to $167,999",policy_general,64.728
Scientist community helpers,income,"$100,000 to $167,999",policy_specific_mean,65.194
Scientist community helpers,income,"$100,000 to $167,999",behavior_mean,44.532
Scientist community helpers,income,"$100,000 to $167,999",donation_ams,1.974
Scientist community helpers,income,"$100,000 to $167,999",newsletter_signup,0.109
Social justice,income,"$100,000 to $167,999",trust_multidimensional,66.742
Social justice,income,"$100,000 to $167,999",trust_post,64.924
Social justice,income,"$100,000 to $167,999",distrust_post,33.026
Social justice,income,"$100,000 to $167,999",funding_perceptions,59.194
Social justice,income,"$100,000 to $167,999",policy_role_mean,59.09
Social justice,income,"$100,000 to $167,999",inst_trust_mean,56.568
Social justice,income,"$100,000 to $167,999",belief_post,64.851
Social justice,income,"$100,000 to $167,999",concern_mean,57.55
Social justice,income,"$100,000 to $167,999",policy_general,64.941
Social justice,income,"$100,000 to $167,999",policy_specific_mean,65.32
Social justice,income,"$100,000 to $167,999",behavior_mean,44.589
Social justice,income,"$100,000 to $167,999",donation_ams,1.971
Social justice,income,"$100,000 to $167,999",newsletter_signup,0.109
control,income,"$168,000 or more",trust_multidimensional,66.743
control,income,"$168,000 or more",trust_post,65.143
control,income,"$168,000 or more",distrust_post,33.315
control,income,"$168,000 or more",funding_perceptions,58.789
control,income,"$168,000 or more",policy_role_mean,58.167
control,income,"$168,000 or more",inst_trust_mean,57.696
control,income,"$168,000 or more",belief_post,65.881
control,income,"$168,000 or more",concern_mean,57.961
control,income,"$168,000 or more",policy_general,64.852
control,income,"$168,000 or more",policy_specific_mean,65.128
control,income,"$168,000 or more",behavior_mean,44.64
control,income,"$168,000 or more",donation_ams,1.992
control,income,"$168,000 or more",newsletter_signup,0.107
Consensus,income,"$168,000 or more",trust_multidimensional,68.144
Consensus,income,"$168,000 or more",trust_post,66.807
Consensus,income,"$168,000 or more",distrust_post,32.173
Consensus,income,"$168,000 or more",funding_perceptions,59.579
Consensus,income,"$168,000 or more",policy_role_mean,59.019
Consensus,income,"$168,000 or more",inst_trust_mean,58.26
Consensus,income,"$168,000 or more",belief_post,67.625
Consensus,income,"$168,000 or more",concern_mean,58.708
Consensus,income,"$168,000 or more",policy_general,65.524
Consensus,income,"$168,000 or more",policy_specific_mean,65.585
Consensus,income,"$168,000 or more",behavior_mean,45.0
Consensus,income,"$168,000 or more",donation_ams,2.032
Consensus,income,"$168,000 or more",newsletter_signup,0.11
Corporate reliance,income,"$168,000 or more",trust_multidimensional,68.061
Corporate reliance,income,"$168,000 or more",trust_post,66.658
Corporate reliance,income,"$168,000 or more",distrust_post,32.255
Corporate reliance,income,"$168,000 or more",funding_perceptions,59.47
Corporate reliance,income,"$168,000 or more",policy_role_mean,58.978
Corporate reliance,income,"$168,000 or more",inst_trust_mean,58.177
Corporate reliance,income,"$168,000 or more",belief_post,66.436
Corporate reliance,income,"$168,000 or more",concern_mean,58.415
Corporate reliance,income,"$168,000 or more",policy_general,65.324
Corporate reliance,income,"$168,000 or more",policy_specific_mean,65.502
Corporate reliance,income,"$168,000 or more",behavior_mean,44.933
Corporate reliance,income,"$168,000 or more",donation_ams,2.029
Corporate reliance,income,"$168,000 or more",newsletter_signup,0.11
Extreme weather predictions,income,"$168,000 or more",trust_multidimensional,67.972
Extreme weather predictions,income,"$168,000 or more",trust_post,66.507
Extreme weather predictions,income,"$168,000 or more",distrust_post,32.367
Extreme weather predictions,income,"$168,000 or more",funding_perceptions,59.53
Extreme weather predictions,income,"$168,000 or more",policy_role_mean,58.982
Extreme weather predictions,income,"$168,000 or more",inst_trust_mean,58.303
Extreme weather predictions,income,"$168,000 or more",belief_post,66.421
Extreme weather predictions,income,"$168,000 or more",concern_mean,58.523
Extreme weather predictions,income,"$168,000 or more",policy_general,65.311
Extreme weather predictions,income,"$168,000 or more",policy_specific_mean,65.478
Extreme weather predictions,income,"$168,000 or more",behavior_mean,44.924
Extreme weather predictions,income,"$168,000 or more",donation_ams,2.026
Extreme weather predictions,income,"$168,000 or more",newsletter_signup,0.11
Former skeptics,income,"$168,000 or more",trust_multidimensional,68.149
Former skeptics,income,"$168,000 or more",trust_post,66.768
Former skeptics,income,"$168,000 or more",distrust_post,32.109
Former skeptics,income,"$168,000 or more",funding_perceptions,59.559
Former skeptics,income,"$168,000 or more",policy_role_mean,59.116
Former skeptics,income,"$168,000 or more",inst_trust_mean,58.261
Former skeptics,income,"$168,000 or more",belief_post,66.831
Former skeptics,income,"$168,000 or more",concern_mean,58.628
Former skeptics,income,"$168,000 or more",policy_general,65.467
Former skeptics,income,"$168,000 or more",policy_specific_mean,65.604
Former skeptics,income,"$168,000 or more",behavior_mean,44.987
Former skeptics,income,"$168,000 or more",donation_ams,2.036
Former skeptics,income,"$168,000 or more",newsletter_signup,0.11
Funding,income,"$168,000 or more",trust_multidimensional,67.879
Funding,income,"$168,000 or more",trust_post,66.412
Funding,income,"$168,000 or more",distrust_post,32.361
Funding,income,"$168,000 or more",funding_perceptions,60.004
Funding,income,"$168,000 or more",policy_role_mean,58.305
Funding,income,"$168,000 or more",inst_trust_mean,58.214
Funding,income,"$168,000 or more",belief_post,66.343
Funding,income,"$168,000 or more",concern_mean,58.338
Funding,income,"$168,000 or more",policy_general,65.243
Funding,income,"$168,000 or more",policy_specific_mean,65.403
Funding,income,"$168,000 or more",behavior_mean,44.882
Funding,income,"$168,000 or more",donation_ams,2.025
Funding,income,"$168,000 or more",newsletter_signup,0.11
High public trust,income,"$168,000 or more",trust_multidimensional,68.126
High public trust,income,"$168,000 or more",trust_post,66.936
High public trust,income,"$168,000 or more",distrust_post,32.112
High public trust,income,"$168,000 or more",funding_perceptions,59.452
High public trust,income,"$168,000 or more",policy_role_mean,58.866
High public trust,income,"$168,000 or more",inst_trust_mean,58.208
High public trust,income,"$168,000 or more",belief_post,66.434
High public trust,income,"$168,000 or more",concern_mean,58.391
High public trust,income,"$168,000 or more",policy_general,65.295
High public trust,income,"$168,000 or more",policy_specific_mean,65.445
High public trust,income,"$168,000 or more",behavior_mean,44.908
High public trust,income,"$168,000 or more",donation_ams,2.027
High public trust,income,"$168,000 or more",newsletter_signup,0.11
Interview Prof. Maraun,income,"$168,000 or more",trust_multidimensional,68.184
Interview Prof. Maraun,income,"$168,000 or more",trust_post,66.619
Interview Prof. Maraun,income,"$168,000 or more",distrust_post,32.251
Interview Prof. Maraun,income,"$168,000 or more",funding_perceptions,59.433
Interview Prof. Maraun,income,"$168,000 or more",policy_role_mean,58.966
Interview Prof. Maraun,income,"$168,000 or more",inst_trust_mean,58.207
Interview Prof. Maraun,income,"$168,000 or more",belief_post,66.43
Interview Prof. Maraun,income,"$168,000 or more",concern_mean,58.393
Interview Prof. Maraun,income,"$168,000 or more",policy_general,65.248
Interview Prof. Maraun,income,"$168,000 or more",policy_specific_mean,65.425
Interview Prof. Maraun,income,"$168,000 or more",behavior_mean,44.917
Interview Prof. Maraun,income,"$168,000 or more",donation_ams,2.027
Interview Prof. Maraun,income,"$168,000 or more",newsletter_signup,0.11
Interview Prof. Sebille,income,"$168,000 or more",trust_multidimensional,68.088
Interview Prof. Sebille,income,"$168,000 or more",trust_post,66.563
Interview Prof. Sebille,income,"$168,000 or more",distrust_post,32.321
Interview Prof. Sebille,income,"$168,000 or more",funding_perceptions,59.469
Interview Prof. Sebille,income,"$168,000 or more",policy_role_mean,58.988
Interview Prof. Sebille,income,"$168,000 or more",inst_trust_mean,58.16
Interview Prof. Sebille,income,"$168,000 or more",belief_post,66.523
Interview Prof. Sebille,income,"$168,000 or more",concern_mean,58.662
Interview Prof. Sebille,income,"$168,000 or more",policy_general,65.407
Interview Prof. Sebille,income,"$168,000 or more",policy_specific_mean,65.535
Interview Prof. Sebille,income,"$168,000 or more",behavior_mean,44.978
Interview Prof. Sebille,income,"$168,000 or more",donation_ams,2.031
Interview Prof. Sebille,income,"$168,000 or more",newsletter_signup,0.11
Measurement & modeling (1),income,"$168,000 or more",trust_multidimensional,67.921
Measurement & modeling (1),income,"$168,000 or more",trust_post,66.423
Measurement & modeling (1),income,"$168,000 or more",distrust_post,32.422
Measurement & modeling (1),income,"$168,000 or more",funding_perceptions,59.398
Measurement & modeling (1),income,"$168,000 or more",policy_role_mean,58.862
Measurement & modeling (1),income,"$168,000 or more",inst_trust_mean,58.16
Measurement & modeling (1),income,"$168,000 or more",belief_post,66.522
Measurement & modeling (1),income,"$168,000 or more",concern_mean,58.422
Measurement & modeling (1),income,"$168,000 or more",policy_general,65.256
Measurement & modeling (1),income,"$168,000 or more",policy_specific_mean,65.416
Measurement & modeling (1),income,"$168,000 or more",behavior_mean,44.897
Measurement & modeling (1),income,"$168,000 or more",donation_ams,2.027
Measurement & modeling (1),income,"$168,000 or more",newsletter_signup,0.11
Measurement & modeling (2),income,"$168,000 or more",trust_multidimensional,67.864
Measurement & modeling (2),income,"$168,000 or more",trust_post,66.339
Measurement & modeling (2),income,"$168,000 or more",distrust_post,32.478
Measurement & modeling (2),income,"$168,000 or more",funding_perceptions,59.386
Measurement & modeling (2),income,"$168,000 or more",policy_role_mean,58.863
Measurement & modeling (2),income,"$168,000 or more",inst_trust_mean,58.126
Measurement & modeling (2),income,"$168,000 or more",belief_post,66.383
Measurement & modeling (2),income,"$168,000 or more",concern_mean,58.333
Measurement & modeling (2),income,"$168,000 or more",policy_general,65.242
Measurement & modeling (2),income,"$168,000 or more",policy_specific_mean,65.421
Measurement & modeling (2),income,"$168,000 or more",behavior_mean,44.906
Measurement & modeling (2),income,"$168,000 or more",donation_ams,2.025
Measurement & modeling (2),income,"$168,000 or more",newsletter_signup,0.11
Model accuracy,income,"$168,000 or more",trust_multidimensional,68.026
Model accuracy,income,"$168,000 or more",trust_post,66.612
Model accuracy,income,"$168,000 or more",distrust_post,32.272
Model accuracy,income,"$168,000 or more",funding_perceptions,59.509
Model accuracy,income,"$168,000 or more",policy_role_mean,58.901
Model accuracy,income,"$168,000 or more",inst_trust_mean,58.181
Model accuracy,income,"$168,000 or more",belief_post,66.805
Model accuracy,income,"$168,000 or more",concern_mean,58.48
Model accuracy,income,"$168,000 or more",policy_general,65.349
Model accuracy,income,"$168,000 or more",policy_specific_mean,65.471
Model accuracy,income,"$168,000 or more",behavior_mean,44.928
Model accuracy,income,"$168,000 or more",donation_ams,2.029
Model accuracy,income,"$168,000 or more",newsletter_signup,0.11
Oil industry misinformation,income,"$168,000 or more",trust_multidimensional,68.14
Oil industry misinformation,income,"$168,000 or more",trust_post,66.746
Oil industry misinformation,income,"$168,000 or more",distrust_post,32.06
Oil industry misinformation,income,"$168,000 or more",funding_perceptions,59.665
Oil industry misinformation,income,"$168,000 or more",policy_role_mean,59.047
Oil industry misinformation,income,"$168,000 or more",inst_trust_mean,58.202
Oil industry misinformation,income,"$168,000 or more",belief_post,66.829
Oil industry misinformation,income,"$168,000 or more",concern_mean,58.727
Oil industry misinformation,income,"$168,000 or more",policy_general,65.537
Oil industry misinformation,income,"$168,000 or more",policy_specific_mean,65.637
Oil industry misinformation,income,"$168,000 or more",behavior_mean,45.021
Oil industry misinformation,income,"$168,000 or more",donation_ams,2.032
Oil industry misinformation,income,"$168,000 or more",newsletter_signup,0.11
Peer-review,income,"$168,000 or more",trust_multidimensional,68.013
Peer-review,income,"$168,000 or more",trust_post,66.564
Peer-review,income,"$168,000 or more",distrust_post,32.309
Peer-review,income,"$168,000 or more",funding_perceptions,59.423
Peer-review,income,"$168,000 or more",policy_role_mean,58.894
Peer-review,income,"$168,000 or more",inst_trust_mean,58.146
Peer-review,income,"$168,000 or more",belief_post,66.479
Peer-review,income,"$168,000 or more",concern_mean,58.392
Peer-review,income,"$168,000 or more",policy_general,65.298
Peer-review,income,"$168,000 or more",policy_specific_mean,65.456
Peer-review,income,"$168,000 or more",behavior_mean,44.887
Peer-review,income,"$168,000 or more",donation_ams,2.029
Peer-review,income,"$168,000 or more",newsletter_signup,0.11
Portrait Prof. Cherry,income,"$168,000 or more",trust_multidimensional,67.958
Portrait Prof. Cherry,income,"$168,000 or more",trust_post,66.43
Portrait Prof. Cherry,income,"$168,000 or more",distrust_post,32.397
Portrait Prof. Cherry,income,"$168,000 or more",funding_perceptions,59.383
Portrait Prof. Cherry,income,"$168,000 or more",policy_role_mean,59.008
Portrait Prof. Cherry,income,"$168,000 or more",inst_trust_mean,58.147
Portrait Prof. Cherry,income,"$168,000 or more",belief_post,66.356
Portrait Prof. Cherry,income,"$168,000 or more",concern_mean,58.403
Portrait Prof. Cherry,income,"$168,000 or more",policy_general,65.295
Portrait Prof. Cherry,income,"$168,000 or more",policy_specific_mean,65.493
Portrait Prof. Cherry,income,"$168,000 or more",behavior_mean,44.931
Portrait Prof. Cherry,income,"$168,000 or more",donation_ams,2.031
Portrait Prof. Cherry,income,"$168,000 or more",newsletter_signup,0.11
Scientist community helpers,income,"$168,000 or more",trust_multidimensional,68.361
Scientist community helpers,income,"$168,000 or more",trust_post,66.854
Scientist community helpers,income,"$168,000 or more",distrust_post,32.125
Scientist community helpers,income,"$168,000 or more",funding_perceptions,59.573
Scientist community helpers,income,"$168,000 or more",policy_role_mean,59.181
Scientist community helpers,income,"$168,000 or more",inst_trust_mean,58.259
Scientist community helpers,income,"$168,000 or more",belief_post,66.477
Scientist community helpers,income,"$168,000 or more",concern_mean,58.483
Scientist community helpers,income,"$168,000 or more",policy_general,65.373
Scientist community helpers,income,"$168,000 or more",policy_specific_mean,65.569
Scientist community helpers,income,"$168,000 or more",behavior_mean,44.985
Scientist community helpers,income,"$168,000 or more",donation_ams,2.032
Scientist community helpers,income,"$168,000 or more",newsletter_signup,0.111
Social justice,income,"$168,000 or more",trust_multidimensional,67.693
Social justice,income,"$168,000 or more",trust_post,66.254
Social justice,income,"$168,000 or more",distrust_post,32.498
Social justice,income,"$168,000 or more",funding_perceptions,59.586
Social justice,income,"$168,000 or more",policy_role_mean,59.082
Social justice,income,"$168,000 or more",inst_trust_mean,58.138
Social justice,income,"$168,000 or more",belief_post,66.461
Social justice,income,"$168,000 or more",concern_mean,58.702
Social justice,income,"$168,000 or more",policy_general,65.585
Social justice,income,"$168,000 or more",policy_specific_mean,65.694
Social justice,income,"$168,000 or more",behavior_mean,45.042
Social justice,income,"$168,000 or more",donation_ams,2.029
Social justice,income,"$168,000 or more",newsletter_signup,0.11
control,income,"$30,000 to $55,999",trust_multidimensional,64.788
control,income,"$30,000 to $55,999",trust_post,62.674
control,income,"$30,000 to $55,999",distrust_post,34.275
control,income,"$30,000 to $55,999",funding_perceptions,57.798
control,income,"$30,000 to $55,999",policy_role_mean,57.225
control,income,"$30,000 to $55,999",inst_trust_mean,54.551
control,income,"$30,000 to $55,999",belief_post,63.203
control,income,"$30,000 to $55,999",concern_mean,56.572
control,income,"$30,000 to $55,999",policy_general,63.991
control,income,"$30,000 to $55,999",policy_specific_mean,64.265
control,income,"$30,000 to $55,999",behavior_mean,43.12
control,income,"$30,000 to $55,999",donation_ams,2.007
control,income,"$30,000 to $55,999",newsletter_signup,0.102
Consensus,income,"$30,000 to $55,999",trust_multidimensional,66.298
Consensus,income,"$30,000 to $55,999",trust_post,64.466
Consensus,income,"$30,000 to $55,999",distrust_post,33.101
Consensus,income,"$30,000 to $55,999",funding_perceptions,58.608
Consensus,income,"$30,000 to $55,999",policy_role_mean,58.106
Consensus,income,"$30,000 to $55,999",inst_trust_mean,55.167
Consensus,income,"$30,000 to $55,999",belief_post,65.062
Consensus,income,"$30,000 to $55,999",concern_mean,57.34
Consensus,income,"$30,000 to $55,999",policy_general,64.675
Consensus,income,"$30,000 to $55,999",policy_specific_mean,64.73
Consensus,income,"$30,000 to $55,999",behavior_mean,43.494
Consensus,income,"$30,000 to $55,999",donation_ams,2.047
Consensus,income,"$30,000 to $55,999",newsletter_signup,0.106
Corporate reliance,income,"$30,000 to $55,999",trust_multidimensional,66.208
Corporate reliance,income,"$30,000 to $55,999",trust_post,64.305
Corporate reliance,income,"$30,000 to $55,999",distrust_post,33.185
Corporate reliance,income,"$30,000 to $55,999",funding_perceptions,58.496
Corporate reliance,income,"$30,000 to $55,999",policy_role_mean,58.063
Corporate reliance,income,"$30,000 to $55,999",inst_trust_mean,55.076
Corporate reliance,income,"$30,000 to $55,999",belief_post,63.794
Corporate reliance,income,"$30,000 to $55,999",concern_mean,57.039
Corporate reliance,income,"$30,000 to $55,999",policy_general,64.471
Corporate reliance,income,"$30,000 to $55,999",policy_specific_mean,64.645
Corporate reliance,income,"$30,000 to $55,999",behavior_mean,43.424
Corporate reliance,income,"$30,000 to $55,999",donation_ams,2.044
Corporate reliance,income,"$30,000 to $55,999",newsletter_signup,0.106
Extreme weather predictions,income,"$30,000 to $55,999",trust_multidimensional,66.113
Extreme weather predictions,income,"$30,000 to $55,999",trust_post,64.144
Extreme weather predictions,income,"$30,000 to $55,999",distrust_post,33.3
Extreme weather predictions,income,"$30,000 to $55,999",funding_perceptions,58.557
Extreme weather predictions,income,"$30,000 to $55,999",policy_role_mean,58.068
Extreme weather predictions,income,"$30,000 to $55,999",inst_trust_mean,55.214
Extreme weather predictions,income,"$30,000 to $55,999",belief_post,63.779
Extreme weather predictions,income,"$30,000 to $55,999",concern_mean,57.15
Extreme weather predictions,income,"$30,000 to $55,999",policy_general,64.458
Extreme weather predictions,income,"$30,000 to $55,999",policy_specific_mean,64.621
Extreme weather predictions,income,"$30,000 to $55,999",behavior_mean,43.415
Extreme weather predictions,income,"$30,000 to $55,999",donation_ams,2.041
Extreme weather predictions,income,"$30,000 to $55,999",newsletter_signup,0.106
Former skeptics,income,"$30,000 to $55,999",trust_multidimensional,66.304
Former skeptics,income,"$30,000 to $55,999",trust_post,64.424
Former skeptics,income,"$30,000 to $55,999",distrust_post,33.034
Former skeptics,income,"$30,000 to $55,999",funding_perceptions,58.587
Former skeptics,income,"$30,000 to $55,999",policy_role_mean,58.205
Former skeptics,income,"$30,000 to $55,999",inst_trust_mean,55.168
Former skeptics,income,"$30,000 to $55,999",belief_post,64.216
Former skeptics,income,"$30,000 to $55,999",concern_mean,57.258
Former skeptics,income,"$30,000 to $55,999",policy_general,64.617
Former skeptics,income,"$30,000 to $55,999",policy_specific_mean,64.749
Former skeptics,income,"$30,000 to $55,999",behavior_mean,43.481
Former skeptics,income,"$30,000 to $55,999",donation_ams,2.052
Former skeptics,income,"$30,000 to $55,999",newsletter_signup,0.106
Funding,income,"$30,000 to $55,999",trust_multidimensional,66.012
Funding,income,"$30,000 to $55,999",trust_post,64.041
Funding,income,"$30,000 to $55,999",distrust_post,33.294
Funding,income,"$30,000 to $55,999",funding_perceptions,59.043
Funding,income,"$30,000 to $55,999",policy_role_mean,57.368
Funding,income,"$30,000 to $55,999",inst_trust_mean,55.117
Funding,income,"$30,000 to $55,999",belief_post,63.695
Funding,income,"$30,000 to $55,999",concern_mean,56.96
Funding,income,"$30,000 to $55,999",policy_general,64.389
Funding,income,"$30,000 to $55,999",policy_specific_mean,64.544
Funding,income,"$30,000 to $55,999",behavior_mean,43.372
Funding,income,"$30,000 to $55,999",donation_ams,2.04
Funding,income,"$30,000 to $55,999",newsletter_signup,0.106
High public trust,income,"$30,000 to $55,999",trust_multidimensional,66.279
High public trust,income,"$30,000 to $55,999",trust_post,64.605
High public trust,income,"$30,000 to $55,999",distrust_post,33.038
High public trust,income,"$30,000 to $55,999",funding_perceptions,58.477
High public trust,income,"$30,000 to $55,999",policy_role_mean,57.947
High public trust,income,"$30,000 to $55,999",inst_trust_mean,55.111
High public trust,income,"$30,000 to $55,999",belief_post,63.793
High public trust,income,"$30,000 to $55,999",concern_mean,57.014
High public trust,income,"$30,000 to $55,999",policy_general,64.442
High public trust,income,"$30,000 to $55,999",policy_specific_mean,64.587
High public trust,income,"$30,000 to $55,999",behavior_mean,43.399
High public trust,income,"$30,000 to $55,999",donation_ams,2.042
High public trust,income,"$30,000 to $55,999",newsletter_signup,0.106
Interview Prof. Maraun,income,"$30,000 to $55,999",trust_multidimensional,66.342
Interview Prof. Maraun,income,"$30,000 to $55,999",trust_post,64.264
Interview Prof. Maraun,income,"$30,000 to $55,999",distrust_post,33.181
Interview Prof. Maraun,income,"$30,000 to $55,999",funding_perceptions,58.458
Interview Prof. Maraun,income,"$30,000 to $55,999",policy_role_mean,58.051
Interview Prof. Maraun,income,"$30,000 to $55,999",inst_trust_mean,55.11
Interview Prof. Maraun,income,"$30,000 to $55,999",belief_post,63.789
Interview Prof. Maraun,income,"$30,000 to $55,999",concern_mean,57.016
Interview Prof. Maraun,income,"$30,000 to $55,999",policy_general,64.394
Interview Prof. Maraun,income,"$30,000 to $55,999",policy_specific_mean,64.567
Interview Prof. Maraun,income,"$30,000 to $55,999",behavior_mean,43.408
Interview Prof. Maraun,income,"$30,000 to $55,999",donation_ams,2.042
Interview Prof. Maraun,income,"$30,000 to $55,999",newsletter_signup,0.106
Interview Prof. Sebille,income,"$30,000 to $55,999",trust_multidimensional,66.238
Interview Prof. Sebille,income,"$30,000 to $55,999",trust_post,64.203
Interview Prof. Sebille,income,"$30,000 to $55,999",distrust_post,33.253
Interview Prof. Sebille,income,"$30,000 to $55,999",funding_perceptions,58.495
Interview Prof. Sebille,income,"$30,000 to $55,999",policy_role_mean,58.073
Interview Prof. Sebille,income,"$30,000 to $55,999",inst_trust_mean,55.057
Interview Prof. Sebille,income,"$30,000 to $55,999",belief_post,63.888
Interview Prof. Sebille,income,"$30,000 to $55,999",concern_mean,57.293
Interview Prof. Sebille,income,"$30,000 to $55,999",policy_general,64.556
Interview Prof. Sebille,income,"$30,000 to $55,999",policy_specific_mean,64.679
Interview Prof. Sebille,income,"$30,000 to $55,999",behavior_mean,43.471
Interview Prof. Sebille,income,"$30,000 to $55,999",donation_ams,2.046
Interview Prof. Sebille,income,"$30,000 to $55,999",newsletter_signup,0.106
Measurement & modeling (1),income,"$30,000 to $55,999",trust_multidimensional,66.058
Measurement & modeling (1),income,"$30,000 to $55,999",trust_post,64.053
Measurement & modeling (1),income,"$30,000 to $55,999",distrust_post,33.356
Measurement & modeling (1),income,"$30,000 to $55,999",funding_perceptions,58.422
Measurement & modeling (1),income,"$30,000 to $55,999",policy_role_mean,57.944
Measurement & modeling (1),income,"$30,000 to $55,999",inst_trust_mean,55.058
Measurement & modeling (1),income,"$30,000 to $55,999",belief_post,63.886
Measurement & modeling (1),income,"$30,000 to $55,999",concern_mean,57.046
Measurement & modeling (1),income,"$30,000 to $55,999",policy_general,64.402
Measurement & modeling (1),income,"$30,000 to $55,999",policy_specific_mean,64.558
Measurement & modeling (1),income,"$30,000 to $55,999",behavior_mean,43.387
Measurement & modeling (1),income,"$30,000 to $55,999",donation_ams,2.042
Measurement & modeling (1),income,"$30,000 to $55,999",newsletter_signup,0.105
Measurement & modeling (2),income,"$30,000 to $55,999",trust_multidimensional,65.997
Measurement & modeling (2),income,"$30,000 to $55,999",trust_post,63.962
Measurement & modeling (2),income,"$30,000 to $55,999",distrust_post,33.414
Measurement & modeling (2),income,"$30,000 to $55,999",funding_perceptions,58.409
Measurement & modeling (2),income,"$30,000 to $55,999",policy_role_mean,57.944
Measurement & modeling (2),income,"$30,000 to $55,999",inst_trust_mean,55.021
Measurement & modeling (2),income,"$30,000 to $55,999",belief_post,63.738
Measurement & modeling (2),income,"$30,000 to $55,999",concern_mean,56.954
Measurement & modeling (2),income,"$30,000 to $55,999",policy_general,64.388
Measurement & modeling (2),income,"$30,000 to $55,999",policy_specific_mean,64.563
Measurement & modeling (2),income,"$30,000 to $55,999",behavior_mean,43.396
Measurement & modeling (2),income,"$30,000 to $55,999",donation_ams,2.041
Measurement & modeling (2),income,"$30,000 to $55,999",newsletter_signup,0.105
Model accuracy,income,"$30,000 to $55,999",trust_multidimensional,66.171
Model accuracy,income,"$30,000 to $55,999",trust_post,64.256
Model accuracy,income,"$30,000 to $55,999",distrust_post,33.203
Model accuracy,income,"$30,000 to $55,999",funding_perceptions,58.536
Model accuracy,income,"$30,000 to $55,999",policy_role_mean,57.983
Model accuracy,income,"$30,000 to $55,999",inst_trust_mean,55.08
Model accuracy,income,"$30,000 to $55,999",belief_post,64.188
Model accuracy,income,"$30,000 to $55,999",concern_mean,57.105
Model accuracy,income,"$30,000 to $55,999",policy_general,64.497
Model accuracy,income,"$30,000 to $55,999",policy_specific_mean,64.614
Model accuracy,income,"$30,000 to $55,999",behavior_mean,43.419
Model accuracy,income,"$30,000 to $55,999",donation_ams,2.044
Model accuracy,income,"$30,000 to $55,999",newsletter_signup,0.106
Oil industry misinformation,income,"$30,000 to $55,999",trust_multidimensional,66.294
Oil industry misinformation,income,"$30,000 to $55,999",trust_post,64.401
Oil industry misinformation,income,"$30,000 to $55,999",distrust_post,32.984
Oil industry misinformation,income,"$30,000 to $55,999",funding_perceptions,58.696
Oil industry misinformation,income,"$30,000 to $55,999",policy_role_mean,58.135
Oil industry misinformation,income,"$30,000 to $55,999",inst_trust_mean,55.104
Oil industry misinformation,income,"$30,000 to $55,999",belief_post,64.214
Oil industry misinformation,income,"$30,000 to $55,999",concern_mean,57.36
Oil industry misinformation,income,"$30,000 to $55,999",policy_general,64.688
Oil industry misinformation,income,"$30,000 to $55,999",policy_specific_mean,64.783
Oil industry misinformation,income,"$30,000 to $55,999",behavior_mean,43.516
Oil industry misinformation,income,"$30,000 to $55,999",donation_ams,2.048
Oil industry misinformation,income,"$30,000 to $55,999",newsletter_signup,0.106
Peer-review,income,"$30,000 to $55,999",trust_multidimensional,66.157
Peer-review,income,"$30,000 to $55,999",trust_post,64.205
Peer-review,income,"$30,000 to $55,999",distrust_post,33.24
Peer-review,income,"$30,000 to $55,999",funding_perceptions,58.447
Peer-review,income,"$30,000 to $55,999",policy_role_mean,57.977
Peer-review,income,"$30,000 to $55,999",inst_trust_mean,55.043
Peer-review,income,"$30,000 to $55,999",belief_post,63.84
Peer-review,income,"$30,000 to $55,999",concern_mean,57.015
Peer-review,income,"$30,000 to $55,999",policy_general,64.445
Peer-review,income,"$30,000 to $55,999",policy_specific_mean,64.598
Peer-review,income,"$30,000 to $55,999",behavior_mean,43.376
Peer-review,income,"$30,000 to $55,999",donation_ams,2.044
Peer-review,income,"$30,000 to $55,999",newsletter_signup,0.106
Portrait Prof. Cherry,income,"$30,000 to $55,999",trust_multidimensional,66.098
Portrait Prof. Cherry,income,"$30,000 to $55,999",trust_post,64.06
Portrait Prof. Cherry,income,"$30,000 to $55,999",distrust_post,33.331
Portrait Prof. Cherry,income,"$30,000 to $55,999",funding_perceptions,58.406
Portrait Prof. Cherry,income,"$30,000 to $55,999",policy_role_mean,58.094
Portrait Prof. Cherry,income,"$30,000 to $55,999",inst_trust_mean,55.043
Portrait Prof. Cherry,income,"$30,000 to $55,999",belief_post,63.71
Portrait Prof. Cherry,income,"$30,000 to $55,999",concern_mean,57.026
Portrait Prof. Cherry,income,"$30,000 to $55,999",policy_general,64.442
Portrait Prof. Cherry,income,"$30,000 to $55,999",policy_specific_mean,64.636
Portrait Prof. Cherry,income,"$30,000 to $55,999",behavior_mean,43.423
Portrait Prof. Cherry,income,"$30,000 to $55,999",donation_ams,2.046
Portrait Prof. Cherry,income,"$30,000 to $55,999",newsletter_signup,0.106
Scientist community helpers,income,"$30,000 to $55,999",trust_multidimensional,66.532
Scientist community helpers,income,"$30,000 to $55,999",trust_post,64.517
Scientist community helpers,income,"$30,000 to $55,999",distrust_post,33.051
Scientist community helpers,income,"$30,000 to $55,999",funding_perceptions,58.602
Scientist community helpers,income,"$30,000 to $55,999",policy_role_mean,58.273
Scientist community helpers,income,"$30,000 to $55,999",inst_trust_mean,55.166
Scientist community helpers,income,"$30,000 to $55,999",belief_post,63.838
Scientist community helpers,income,"$30,000 to $55,999",concern_mean,57.109
Scientist community helpers,income,"$30,000 to $55,999",policy_general,64.521
Scientist community helpers,income,"$30,000 to $55,999",policy_specific_mean,64.714
Scientist community helpers,income,"$30,000 to $55,999",behavior_mean,43.478
Scientist community helpers,income,"$30,000 to $55,999",donation_ams,2.047
Scientist community helpers,income,"$30,000 to $55,999",newsletter_signup,0.106
Social justice,income,"$30,000 to $55,999",trust_multidimensional,65.812
Social justice,income,"$30,000 to $55,999",trust_post,63.871
Social justice,income,"$30,000 to $55,999",distrust_post,33.435
Social justice,income,"$30,000 to $55,999",funding_perceptions,58.615
Social justice,income,"$30,000 to $55,999",policy_role_mean,58.171
Social justice,income,"$30,000 to $55,999",inst_trust_mean,55.034
Social justice,income,"$30,000 to $55,999",belief_post,63.821
Social justice,income,"$30,000 to $55,999",concern_mean,57.334
Social justice,income,"$30,000 to $55,999",policy_general,64.737
Social justice,income,"$30,000 to $55,999",policy_specific_mean,64.841
Social justice,income,"$30,000 to $55,999",behavior_mean,43.537
Social justice,income,"$30,000 to $55,999",donation_ams,2.044
Social justice,income,"$30,000 to $55,999",newsletter_signup,0.106
control,income,"$56,000 to $99,999",trust_multidimensional,65.357
control,income,"$56,000 to $99,999",trust_post,62.824
control,income,"$56,000 to $99,999",distrust_post,34.333
control,income,"$56,000 to $99,999",funding_perceptions,57.547
control,income,"$56,000 to $99,999",policy_role_mean,57.56
control,income,"$56,000 to $99,999",inst_trust_mean,55.296
control,income,"$56,000 to $99,999",belief_post,63.589
control,income,"$56,000 to $99,999",concern_mean,56.718
control,income,"$56,000 to $99,999",policy_general,63.533
control,income,"$56,000 to $99,999",policy_specific_mean,64.197
control,income,"$56,000 to $99,999",behavior_mean,44.286
control,income,"$56,000 to $99,999",donation_ams,1.931
control,income,"$56,000 to $99,999",newsletter_signup,0.099
Consensus,income,"$56,000 to $99,999",trust_multidimensional,66.838
Consensus,income,"$56,000 to $99,999",trust_post,64.583
Consensus,income,"$56,000 to $99,999",distrust_post,33.16
Consensus,income,"$56,000 to $99,999",funding_perceptions,58.363
Consensus,income,"$56,000 to $99,999",policy_role_mean,58.43
Consensus,income,"$56,000 to $99,999",inst_trust_mean,55.9
Consensus,income,"$56,000 to $99,999",belief_post,65.416
Consensus,income,"$56,000 to $99,999",concern_mean,57.487
Consensus,income,"$56,000 to $99,999",policy_general,64.224
Consensus,income,"$56,000 to $99,999",policy_specific_mean,64.662
Consensus,income,"$56,000 to $99,999",behavior_mean,44.649
Consensus,income,"$56,000 to $99,999",donation_ams,1.971
Consensus,income,"$56,000 to $99,999",newsletter_signup,0.103
Corporate reliance,income,"$56,000 to $99,999",trust_multidimensional,66.75
Corporate reliance,income,"$56,000 to $99,999",trust_post,64.425
Corporate reliance,income,"$56,000 to $99,999",distrust_post,33.243
Corporate reliance,income,"$56,000 to $99,999",funding_perceptions,58.251
Corporate reliance,income,"$56,000 to $99,999",policy_role_mean,58.388
Corporate reliance,income,"$56,000 to $99,999",inst_trust_mean,55.811
Corporate reliance,income,"$56,000 to $99,999",belief_post,64.17
Corporate reliance,income,"$56,000 to $99,999",concern_mean,57.185
Corporate reliance,income,"$56,000 to $99,999",policy_general,64.018
Corporate reliance,income,"$56,000 to $99,999",policy_specific_mean,64.578
Corporate reliance,income,"$56,000 to $99,999",behavior_mean,44.582
Corporate reliance,income,"$56,000 to $99,999",donation_ams,1.968
Corporate reliance,income,"$56,000 to $99,999",newsletter_signup,0.103
Extreme weather predictions,income,"$56,000 to $99,999",trust_multidimensional,66.657
Extreme weather predictions,income,"$56,000 to $99,999",trust_post,64.266
Extreme weather predictions,income,"$56,000 to $99,999",distrust_post,33.359
Extreme weather predictions,income,"$56,000 to $99,999",funding_perceptions,58.312
Extreme weather predictions,income,"$56,000 to $99,999",policy_role_mean,58.392
Extreme weather predictions,income,"$56,000 to $99,999",inst_trust_mean,55.946
Extreme weather predictions,income,"$56,000 to $99,999",belief_post,64.155
Extreme weather predictions,income,"$56,000 to $99,999",concern_mean,57.297
Extreme weather predictions,income,"$56,000 to $99,999",policy_general,64.005
Extreme weather predictions,income,"$56,000 to $99,999",policy_specific_mean,64.553
Extreme weather predictions,income,"$56,000 to $99,999",behavior_mean,44.573
Extreme weather predictions,income,"$56,000 to $99,999",donation_ams,1.965
Extreme weather predictions,income,"$56,000 to $99,999",newsletter_signup,0.103
Former skeptics,income,"$56,000 to $99,999",trust_multidimensional,66.844
Former skeptics,income,"$56,000 to $99,999",trust_post,64.541
Former skeptics,income,"$56,000 to $99,999",distrust_post,33.093
Former skeptics,income,"$56,000 to $99,999",funding_perceptions,58.342
Former skeptics,income,"$56,000 to $99,999",policy_role_mean,58.528
Former skeptics,income,"$56,000 to $99,999",inst_trust_mean,55.901
Former skeptics,income,"$56,000 to $99,999",belief_post,64.584
Former skeptics,income,"$56,000 to $99,999",concern_mean,57.404
Former skeptics,income,"$56,000 to $99,999",policy_general,64.166
Former skeptics,income,"$56,000 to $99,999",policy_specific_mean,64.681
Former skeptics,income,"$56,000 to $99,999",behavior_mean,44.636
Former skeptics,income,"$56,000 to $99,999",donation_ams,1.976
Former skeptics,income,"$56,000 to $99,999",newsletter_signup,0.103
Funding,income,"$56,000 to $99,999",trust_multidimensional,66.558
Funding,income,"$56,000 to $99,999",trust_post,64.165
Funding,income,"$56,000 to $99,999",distrust_post,33.353
Funding,income,"$56,000 to $99,999",funding_perceptions,58.803
Funding,income,"$56,000 to $99,999",policy_role_mean,57.701
Funding,income,"$56,000 to $99,999",inst_trust_mean,55.851
Funding,income,"$56,000 to $99,999",belief_post,64.072
Funding,income,"$56,000 to $99,999",concern_mean,57.106
Funding,income,"$56,000 to $99,999",policy_general,63.935
Funding,income,"$56,000 to $99,999",policy_specific_mean,64.476
Funding,income,"$56,000 to $99,999",behavior_mean,44.531
Funding,income,"$56,000 to $99,999",donation_ams,1.964
Funding,income,"$56,000 to $99,999",newsletter_signup,0.103
High public trust,income,"$56,000 to $99,999",trust_multidimensional,66.819
High public trust,income,"$56,000 to $99,999",trust_post,64.719
High public trust,income,"$56,000 to $99,999",distrust_post,33.097
High public trust,income,"$56,000 to $99,999",funding_perceptions,58.232
High public trust,income,"$56,000 to $99,999",policy_role_mean,58.273
High public trust,income,"$56,000 to $99,999",inst_trust_mean,55.845
High public trust,income,"$56,000 to $99,999",belief_post,64.168
High public trust,income,"$56,000 to $99,999",concern_mean,57.161
High public trust,income,"$56,000 to $99,999",policy_general,63.989
High public trust,income,"$56,000 to $99,999",policy_specific_mean,64.52
High public trust,income,"$56,000 to $99,999",behavior_mean,44.557
High public trust,income,"$56,000 to $99,999",donation_ams,1.966
High public trust,income,"$56,000 to $99,999",newsletter_signup,0.103
Interview Prof. Maraun,income,"$56,000 to $99,999",trust_multidimensional,66.881
Interview Prof. Maraun,income,"$56,000 to $99,999",trust_post,64.384
Interview Prof. Maraun,income,"$56,000 to $99,999",distrust_post,33.24
Interview Prof. Maraun,income,"$56,000 to $99,999",funding_perceptions,58.212
Interview Prof. Maraun,income,"$56,000 to $99,999",policy_role_mean,58.376
Interview Prof. Maraun,income,"$56,000 to $99,999",inst_trust_mean,55.844
Interview Prof. Maraun,income,"$56,000 to $99,999",belief_post,64.164
Interview Prof. Maraun,income,"$56,000 to $99,999",concern_mean,57.163
Interview Prof. Maraun,income,"$56,000 to $99,999",policy_general,63.94
Interview Prof. Maraun,income,"$56,000 to $99,999",policy_specific_mean,64.499
Interview Prof. Maraun,income,"$56,000 to $99,999",behavior_mean,44.565
Interview Prof. Maraun,income,"$56,000 to $99,999",donation_ams,1.966
Interview Prof. Maraun,income,"$56,000 to $99,999",newsletter_signup,0.103
Interview Prof. Sebille,income,"$56,000 to $99,999",trust_multidimensional,66.78
Interview Prof. Sebille,income,"$56,000 to $99,999",trust_post,64.324
Interview Prof. Sebille,income,"$56,000 to $99,999",distrust_post,33.312
Interview Prof. Sebille,income,"$56,000 to $99,999",funding_perceptions,58.249
Interview Prof. Sebille,income,"$56,000 to $99,999",policy_role_mean,58.397
Interview Prof. Sebille,income,"$56,000 to $99,999",inst_trust_mean,55.792
Interview Prof. Sebille,income,"$56,000 to $99,999",belief_post,64.262
Interview Prof. Sebille,income,"$56,000 to $99,999",concern_mean,57.44
Interview Prof. Sebille,income,"$56,000 to $99,999",policy_general,64.104
Interview Prof. Sebille,income,"$56,000 to $99,999",policy_specific_mean,64.612
Interview Prof. Sebille,income,"$56,000 to $99,999",behavior_mean,44.627
Interview Prof. Sebille,income,"$56,000 to $99,999",donation_ams,1.97
Interview Prof. Sebille,income,"$56,000 to $99,999",newsletter_signup,0.103
Measurement & modeling (1),income,"$56,000 to $99,999",trust_multidimensional,66.603
Measurement & modeling (1),income,"$56,000 to $99,999",trust_post,64.177
Measurement & modeling (1),income,"$56,000 to $99,999",distrust_post,33.415
Measurement & modeling (1),income,"$56,000 to $99,999",funding_perceptions,58.176
Measurement & modeling (1),income,"$56,000 to $99,999",policy_role_mean,58.269
Measurement & modeling (1),income,"$56,000 to $99,999",inst_trust_mean,55.793
Measurement & modeling (1),income,"$56,000 to $99,999",belief_post,64.26
Measurement & modeling (1),income,"$56,000 to $99,999",concern_mean,57.193
Measurement & modeling (1),income,"$56,000 to $99,999",policy_general,63.949
Measurement & modeling (1),income,"$56,000 to $99,999",policy_specific_mean,64.49
Measurement & modeling (1),income,"$56,000 to $99,999",behavior_mean,44.545
Measurement & modeling (1),income,"$56,000 to $99,999",donation_ams,1.966
Measurement & modeling (1),income,"$56,000 to $99,999",newsletter_signup,0.103
Measurement & modeling (2),income,"$56,000 to $99,999",trust_multidimensional,66.543
Measurement & modeling (2),income,"$56,000 to $99,999",trust_post,64.087
Measurement & modeling (2),income,"$56,000 to $99,999",distrust_post,33.472
Measurement & modeling (2),income,"$56,000 to $99,999",funding_perceptions,58.163
Measurement & modeling (2),income,"$56,000 to $99,999",policy_role_mean,58.27
Measurement & modeling (2),income,"$56,000 to $99,999",inst_trust_mean,55.757
Measurement & modeling (2),income,"$56,000 to $99,999",belief_post,64.114
Measurement & modeling (2),income,"$56,000 to $99,999",concern_mean,57.101
Measurement & modeling (2),income,"$56,000 to $99,999",policy_general,63.934
Measurement & modeling (2),income,"$56,000 to $99,999",policy_specific_mean,64.496
Measurement & modeling (2),income,"$56,000 to $99,999",behavior_mean,44.554
Measurement & modeling (2),income,"$56,000 to $99,999",donation_ams,1.965
Measurement & modeling (2),income,"$56,000 to $99,999",newsletter_signup,0.103
Model accuracy,income,"$56,000 to $99,999",trust_multidimensional,66.714
Model accuracy,income,"$56,000 to $99,999",trust_post,64.376
Model accuracy,income,"$56,000 to $99,999",distrust_post,33.262
Model accuracy,income,"$56,000 to $99,999",funding_perceptions,58.291
Model accuracy,income,"$56,000 to $99,999",policy_role_mean,58.309
Model accuracy,income,"$56,000 to $99,999",inst_trust_mean,55.815
Model accuracy,income,"$56,000 to $99,999",belief_post,64.557
Model accuracy,income,"$56,000 to $99,999",concern_mean,57.252
Model accuracy,income,"$56,000 to $99,999",policy_general,64.044
Model accuracy,income,"$56,000 to $99,999",policy_specific_mean,64.546
Model accuracy,income,"$56,000 to $99,999",behavior_mean,44.577
Model accuracy,income,"$56,000 to $99,999",donation_ams,1.968
Model accuracy,income,"$56,000 to $99,999",newsletter_signup,0.103
Oil industry misinformation,income,"$56,000 to $99,999",trust_multidimensional,66.835
Oil industry misinformation,income,"$56,000 to $99,999",trust_post,64.518
Oil industry misinformation,income,"$56,000 to $99,999",distrust_post,33.043
Oil industry misinformation,income,"$56,000 to $99,999",funding_perceptions,58.452
Oil industry misinformation,income,"$56,000 to $99,999",policy_role_mean,58.458
Oil industry misinformation,income,"$56,000 to $99,999",inst_trust_mean,55.838
Oil industry misinformation,income,"$56,000 to $99,999",belief_post,64.582
Oil industry misinformation,income,"$56,000 to $99,999",concern_mean,57.507
Oil industry misinformation,income,"$56,000 to $99,999",policy_general,64.237
Oil industry misinformation,income,"$56,000 to $99,999",policy_specific_mean,64.716
Oil industry misinformation,income,"$56,000 to $99,999",behavior_mean,44.67
Oil industry misinformation,income,"$56,000 to $99,999",donation_ams,1.972
Oil industry misinformation,income,"$56,000 to $99,999",newsletter_signup,0.103
Peer-review,income,"$56,000 to $99,999",trust_multidimensional,66.7
Peer-review,income,"$56,000 to $99,999",trust_post,64.326
Peer-review,income,"$56,000 to $99,999",distrust_post,33.299
Peer-review,income,"$56,000 to $99,999",funding_perceptions,58.202
Peer-review,income,"$56,000 to $99,999",policy_role_mean,58.302
Peer-review,income,"$56,000 to $99,999",inst_trust_mean,55.778
Peer-review,income,"$56,000 to $99,999",belief_post,64.215
Peer-review,income,"$56,000 to $99,999",concern_mean,57.161
Peer-review,income,"$56,000 to $99,999",policy_general,63.992
Peer-review,income,"$56,000 to $99,999",policy_specific_mean,64.531
Peer-review,income,"$56,000 to $99,999",behavior_mean,44.535
Peer-review,income,"$56,000 to $99,999",donation_ams,1.968
Peer-review,income,"$56,000 to $99,999",newsletter_signup,0.103
Portrait Prof. Cherry,income,"$56,000 to $99,999",trust_multidimensional,66.642
Portrait Prof. Cherry,income,"$56,000 to $99,999",trust_post,64.184
Portrait Prof. Cherry,income,"$56,000 to $99,999",distrust_post,33.389
Portrait Prof. Cherry,income,"$56,000 to $99,999",funding_perceptions,58.16
Portrait Prof. Cherry,income,"$56,000 to $99,999",policy_role_mean,58.418
Portrait Prof. Cherry,income,"$56,000 to $99,999",inst_trust_mean,55.779
Portrait Prof. Cherry,income,"$56,000 to $99,999",belief_post,64.087
Portrait Prof. Cherry,income,"$56,000 to $99,999",concern_mean,57.173
Portrait Prof. Cherry,income,"$56,000 to $99,999",policy_general,63.988
Portrait Prof. Cherry,income,"$56,000 to $99,999",policy_specific_mean,64.568
Portrait Prof. Cherry,income,"$56,000 to $99,999",behavior_mean,44.58
Portrait Prof. Cherry,income,"$56,000 to $99,999",donation_ams,1.97
Portrait Prof. Cherry,income,"$56,000 to $99,999",newsletter_signup,0.103
Scientist community helpers,income,"$56,000 to $99,999",trust_multidimensional,67.068
Scientist community helpers,income,"$56,000 to $99,999",trust_post,64.632
Scientist community helpers,income,"$56,000 to $99,999",distrust_post,33.11
Scientist community helpers,income,"$56,000 to $99,999",funding_perceptions,58.357
Scientist community helpers,income,"$56,000 to $99,999",policy_role_mean,58.594
Scientist community helpers,income,"$56,000 to $99,999",inst_trust_mean,55.899
Scientist community helpers,income,"$56,000 to $99,999",belief_post,64.213
Scientist community helpers,income,"$56,000 to $99,999",concern_mean,57.255
Scientist community helpers,income,"$56,000 to $99,999",policy_general,64.069
Scientist community helpers,income,"$56,000 to $99,999",policy_specific_mean,64.646
Scientist community helpers,income,"$56,000 to $99,999",behavior_mean,44.634
Scientist community helpers,income,"$56,000 to $99,999",donation_ams,1.971
Scientist community helpers,income,"$56,000 to $99,999",newsletter_signup,0.103
Social justice,income,"$56,000 to $99,999",trust_multidimensional,66.362
Social justice,income,"$56,000 to $99,999",trust_post,63.998
Social justice,income,"$56,000 to $99,999",distrust_post,33.494
Social justice,income,"$56,000 to $99,999",funding_perceptions,58.37
Social justice,income,"$56,000 to $99,999",policy_role_mean,58.494
Social justice,income,"$56,000 to $99,999",inst_trust_mean,55.77
Social justice,income,"$56,000 to $99,999",belief_post,64.196
Social justice,income,"$56,000 to $99,999",concern_mean,57.48
Social justice,income,"$56,000 to $99,999",policy_general,64.286
Social justice,income,"$56,000 to $99,999",policy_specific_mean,64.774
Social justice,income,"$56,000 to $99,999",behavior_mean,44.691
Social justice,income,"$56,000 to $99,999",donation_ams,1.968
Social justice,income,"$56,000 to $99,999",newsletter_signup,0.103
control,income,"Less than $30,000",trust_multidimensional,64.647
control,income,"Less than $30,000",trust_post,62.493
control,income,"Less than $30,000",distrust_post,33.848
control,income,"Less than $30,000",funding_perceptions,57.982
control,income,"Less than $30,000",policy_role_mean,57.207
control,income,"Less than $30,000",inst_trust_mean,55.139
control,income,"Less than $30,000",belief_post,63.129
control,income,"Less than $30,000",concern_mean,58.178
control,income,"Less than $30,000",policy_general,64.16
control,income,"Less than $30,000",policy_specific_mean,64.322
control,income,"Less than $30,000",behavior_mean,44.408
control,income,"Less than $30,000",donation_ams,1.945
control,income,"Less than $30,000",newsletter_signup,0.091
Consensus,income,"Less than $30,000",trust_multidimensional,66.147
Consensus,income,"Less than $30,000",trust_post,64.274
Consensus,income,"Less than $30,000",distrust_post,32.692
Consensus,income,"Less than $30,000",funding_perceptions,58.789
Consensus,income,"Less than $30,000",policy_role_mean,58.08
Consensus,income,"Less than $30,000",inst_trust_mean,55.747
Consensus,income,"Less than $30,000",belief_post,64.977
Consensus,income,"Less than $30,000",concern_mean,58.921
Consensus,income,"Less than $30,000",policy_general,64.841
Consensus,income,"Less than $30,000",policy_specific_mean,64.785
Consensus,income,"Less than $30,000",behavior_mean,44.771
Consensus,income,"Less than $30,000",donation_ams,1.985
Consensus,income,"Less than $30,000",newsletter_signup,0.095
Corporate reliance,income,"Less than $30,000",trust_multidimensional,66.058
Corporate reliance,income,"Less than $30,000",trust_post,64.114
Corporate reliance,income,"Less than $30,000",distrust_post,32.774
Corporate reliance,income,"Less than $30,000",funding_perceptions,58.679
Corporate reliance,income,"Less than $30,000",policy_role_mean,58.038
Corporate reliance,income,"Less than $30,000",inst_trust_mean,55.657
Corporate reliance,income,"Less than $30,000",belief_post,63.716
Corporate reliance,income,"Less than $30,000",concern_mean,58.629
Corporate reliance,income,"Less than $30,000",policy_general,64.638
Corporate reliance,income,"Less than $30,000",policy_specific_mean,64.701
Corporate reliance,income,"Less than $30,000",behavior_mean,44.703
Corporate reliance,income,"Less than $30,000",donation_ams,1.982
Corporate reliance,income,"Less than $30,000",newsletter_signup,0.095
Extreme weather predictions,income,"Less than $30,000",trust_multidimensional,65.964
Extreme weather predictions,income,"Less than $30,000",trust_post,63.953
Extreme weather predictions,income,"Less than $30,000",distrust_post,32.888
Extreme weather predictions,income,"Less than $30,000",funding_perceptions,58.739
Extreme weather predictions,income,"Less than $30,000",policy_role_mean,58.042
Extreme weather predictions,income,"Less than $30,000",inst_trust_mean,55.793
Extreme weather predictions,income,"Less than $30,000",belief_post,63.701
Extreme weather predictions,income,"Less than $30,000",concern_mean,58.737
Extreme weather predictions,income,"Less than $30,000",policy_general,64.625
Extreme weather predictions,income,"Less than $30,000",policy_specific_mean,64.676
Extreme weather predictions,income,"Less than $30,000",behavior_mean,44.694
Extreme weather predictions,income,"Less than $30,000",donation_ams,1.979
Extreme weather predictions,income,"Less than $30,000",newsletter_signup,0.095
Former skeptics,income,"Less than $30,000",trust_multidimensional,66.153
Former skeptics,income,"Less than $30,000",trust_post,64.232
Former skeptics,income,"Less than $30,000",distrust_post,32.626
Former skeptics,income,"Less than $30,000",funding_perceptions,58.769
Former skeptics,income,"Less than $30,000",policy_role_mean,58.179
Former skeptics,income,"Less than $30,000",inst_trust_mean,55.748
Former skeptics,income,"Less than $30,000",belief_post,64.135
Former skeptics,income,"Less than $30,000",concern_mean,58.841
Former skeptics,income,"Less than $30,000",policy_general,64.783
Former skeptics,income,"Less than $30,000",policy_specific_mean,64.804
Former skeptics,income,"Less than $30,000",behavior_mean,44.758
Former skeptics,income,"Less than $30,000",donation_ams,1.989
Former skeptics,income,"Less than $30,000",newsletter_signup,0.095
Funding,income,"Less than $30,000",trust_multidimensional,65.864
Funding,income,"Less than $30,000",trust_post,63.851
Funding,income,"Less than $30,000",distrust_post,32.882
Funding,income,"Less than $30,000",funding_perceptions,59.224
Funding,income,"Less than $30,000",policy_role_mean,57.349
Funding,income,"Less than $30,000",inst_trust_mean,55.697
Funding,income,"Less than $30,000",belief_post,63.617
Funding,income,"Less than $30,000",concern_mean,58.553
Funding,income,"Less than $30,000",policy_general,64.556
Funding,income,"Less than $30,000",policy_specific_mean,64.6
Funding,income,"Less than $30,000",behavior_mean,44.652
Funding,income,"Less than $30,000",donation_ams,1.978
Funding,income,"Less than $30,000",newsletter_signup,0.095
High public trust,income,"Less than $30,000",trust_multidimensional,66.128
High public trust,income,"Less than $30,000",trust_post,64.412
High public trust,income,"Less than $30,000",distrust_post,32.63
High public trust,income,"Less than $30,000",funding_perceptions,58.659
High public trust,income,"Less than $30,000",policy_role_mean,57.922
High public trust,income,"Less than $30,000",inst_trust_mean,55.691
High public trust,income,"Less than $30,000",belief_post,63.715
High public trust,income,"Less than $30,000",concern_mean,58.606
High public trust,income,"Less than $30,000",policy_general,64.609
High public trust,income,"Less than $30,000",policy_specific_mean,64.643
High public trust,income,"Less than $30,000",behavior_mean,44.679
High public trust,income,"Less than $30,000",donation_ams,1.98
High public trust,income,"Less than $30,000",newsletter_signup,0.095
Interview Prof. Maraun,income,"Less than $30,000",trust_multidimensional,66.191
Interview Prof. Maraun,income,"Less than $30,000",trust_post,64.073
Interview Prof. Maraun,income,"Less than $30,000",distrust_post,32.771
Interview Prof. Maraun,income,"Less than $30,000",funding_perceptions,58.64
Interview Prof. Maraun,income,"Less than $30,000",policy_role_mean,58.026
Interview Prof. Maraun,income,"Less than $30,000",inst_trust_mean,55.69
Interview Prof. Maraun,income,"Less than $30,000",belief_post,63.71
Interview Prof. Maraun,income,"Less than $30,000",concern_mean,58.607
Interview Prof. Maraun,income,"Less than $30,000",policy_general,64.561
Interview Prof. Maraun,income,"Less than $30,000",policy_specific_mean,64.623
Interview Prof. Maraun,income,"Less than $30,000",behavior_mean,44.687
Interview Prof. Maraun,income,"Less than $30,000",donation_ams,1.98
Interview Prof. Maraun,income,"Less than $30,000",newsletter_signup,0.095
Interview Prof. Sebille,income,"Less than $30,000",trust_multidimensional,66.088
Interview Prof. Sebille,income,"Less than $30,000",trust_post,64.012
Interview Prof. Sebille,income,"Less than $30,000",distrust_post,32.842
Interview Prof. Sebille,income,"Less than $30,000",funding_perceptions,58.677
Interview Prof. Sebille,income,"Less than $30,000",policy_role_mean,58.048
Interview Prof. Sebille,income,"Less than $30,000",inst_trust_mean,55.639
Interview Prof. Sebille,income,"Less than $30,000",belief_post,63.809
Interview Prof. Sebille,income,"Less than $30,000",concern_mean,58.875
Interview Prof. Sebille,income,"Less than $30,000",policy_general,64.723
Interview Prof. Sebille,income,"Less than $30,000",policy_specific_mean,64.735
Interview Prof. Sebille,income,"Less than $30,000",behavior_mean,44.748
Interview Prof. Sebille,income,"Less than $30,000",donation_ams,1.984
Interview Prof. Sebille,income,"Less than $30,000",newsletter_signup,0.095
Measurement & modeling (1),income,"Less than $30,000",trust_multidimensional,65.909
Measurement & modeling (1),income,"Less than $30,000",trust_post,63.863
Measurement & modeling (1),income,"Less than $30,000",distrust_post,32.943
Measurement & modeling (1),income,"Less than $30,000",funding_perceptions,58.604
Measurement & modeling (1),income,"Less than $30,000",policy_role_mean,57.919
Measurement & modeling (1),income,"Less than $30,000",inst_trust_mean,55.639
Measurement & modeling (1),income,"Less than $30,000",belief_post,63.807
Measurement & modeling (1),income,"Less than $30,000",concern_mean,58.636
Measurement & modeling (1),income,"Less than $30,000",policy_general,64.569
Measurement & modeling (1),income,"Less than $30,000",policy_specific_mean,64.613
Measurement & modeling (1),income,"Less than $30,000",behavior_mean,44.667
Measurement & modeling (1),income,"Less than $30,000",donation_ams,1.98
Measurement & modeling (1),income,"Less than $30,000",newsletter_signup,0.094
Measurement & modeling (2),income,"Less than $30,000",trust_multidimensional,65.848
Measurement & modeling (2),income,"Less than $30,000",trust_post,63.772
Measurement & modeling (2),income,"Less than $30,000",distrust_post,33.0
Measurement & modeling (2),income,"Less than $30,000",funding_perceptions,58.592
Measurement & modeling (2),income,"Less than $30,000",policy_role_mean,57.92
Measurement & modeling (2),income,"Less than $30,000",inst_trust_mean,55.603
Measurement & modeling (2),income,"Less than $30,000",belief_post,63.66
Measurement & modeling (2),income,"Less than $30,000",concern_mean,58.547
Measurement & modeling (2),income,"Less than $30,000",policy_general,64.555
Measurement & modeling (2),income,"Less than $30,000",policy_specific_mean,64.619
Measurement & modeling (2),income,"Less than $30,000",behavior_mean,44.676
Measurement & modeling (2),income,"Less than $30,000",donation_ams,1.978
Measurement & modeling (2),income,"Less than $30,000",newsletter_signup,0.094
Model accuracy,income,"Less than $30,000",trust_multidimensional,66.021
Model accuracy,income,"Less than $30,000",trust_post,64.065
Model accuracy,income,"Less than $30,000",distrust_post,32.792
Model accuracy,income,"Less than $30,000",funding_perceptions,58.718
Model accuracy,income,"Less than $30,000",policy_role_mean,57.958
Model accuracy,income,"Less than $30,000",inst_trust_mean,55.661
Model accuracy,income,"Less than $30,000",belief_post,64.107
Model accuracy,income,"Less than $30,000",concern_mean,58.693
Model accuracy,income,"Less than $30,000",policy_general,64.664
Model accuracy,income,"Less than $30,000",policy_specific_mean,64.669
Model accuracy,income,"Less than $30,000",behavior_mean,44.698
Model accuracy,income,"Less than $30,000",donation_ams,1.982
Model accuracy,income,"Less than $30,000",newsletter_signup,0.095
Oil industry misinformation,income,"Less than $30,000",trust_multidimensional,66.143
Oil industry misinformation,income,"Less than $30,000",trust_post,64.208
Oil industry misinformation,income,"Less than $30,000",distrust_post,32.577
Oil industry misinformation,income,"Less than $30,000",funding_perceptions,58.877
Oil industry misinformation,income,"Less than $30,000",policy_role_mean,58.108
Oil industry misinformation,income,"Less than $30,000",inst_trust_mean,55.684
Oil industry misinformation,income,"Less than $30,000",belief_post,64.133
Oil industry misinformation,income,"Less than $30,000",concern_mean,58.94
Oil industry misinformation,income,"Less than $30,000",policy_general,64.854
Oil industry misinformation,income,"Less than $30,000",policy_specific_mean,64.838
Oil industry misinformation,income,"Less than $30,000",behavior_mean,44.792
Oil industry misinformation,income,"Less than $30,000",donation_ams,1.985
Oil industry misinformation,income,"Less than $30,000",newsletter_signup,0.095
Peer-review,income,"Less than $30,000",trust_multidimensional,66.007
Peer-review,income,"Less than $30,000",trust_post,64.014
Peer-review,income,"Less than $30,000",distrust_post,32.829
Peer-review,income,"Less than $30,000",funding_perceptions,58.63
Peer-review,income,"Less than $30,000",policy_role_mean,57.952
Peer-review,income,"Less than $30,000",inst_trust_mean,55.624
Peer-review,income,"Less than $30,000",belief_post,63.761
Peer-review,income,"Less than $30,000",concern_mean,58.606
Peer-review,income,"Less than $30,000",policy_general,64.612
Peer-review,income,"Less than $30,000",policy_specific_mean,64.654
Peer-review,income,"Less than $30,000",behavior_mean,44.657
Peer-review,income,"Less than $30,000",donation_ams,1.982
Peer-review,income,"Less than $30,000",newsletter_signup,0.095
Portrait Prof. Cherry,income,"Less than $30,000",trust_multidimensional,65.949
Portrait Prof. Cherry,income,"Less than $30,000",trust_post,63.87
Portrait Prof. Cherry,income,"Less than $30,000",distrust_post,32.918
Portrait Prof. Cherry,income,"Less than $30,000",funding_perceptions,58.589
Portrait Prof. Cherry,income,"Less than $30,000",policy_role_mean,58.068
Portrait Prof. Cherry,income,"Less than $30,000",inst_trust_mean,55.625
Portrait Prof. Cherry,income,"Less than $30,000",belief_post,63.632
Portrait Prof. Cherry,income,"Less than $30,000",concern_mean,58.617
Portrait Prof. Cherry,income,"Less than $30,000",policy_general,64.608
Portrait Prof. Cherry,income,"Less than $30,000",policy_specific_mean,64.692
Portrait Prof. Cherry,income,"Less than $30,000",behavior_mean,44.702
Portrait Prof. Cherry,income,"Less than $30,000",donation_ams,1.984
Portrait Prof. Cherry,income,"Less than $30,000",newsletter_signup,0.095
Scientist community helpers,income,"Less than $30,000",trust_multidimensional,66.38
Scientist community helpers,income,"Less than $30,000",trust_post,64.324
Scientist community helpers,income,"Less than $30,000",distrust_post,32.643
Scientist community helpers,income,"Less than $30,000",funding_perceptions,58.783
Scientist community helpers,income,"Less than $30,000",policy_role_mean,58.245
Scientist community helpers,income,"Less than $30,000",inst_trust_mean,55.746
Scientist community helpers,income,"Less than $30,000",belief_post,63.76
Scientist community helpers,income,"Less than $30,000",concern_mean,58.697
Scientist community helpers,income,"Less than $30,000",policy_general,64.688
Scientist community helpers,income,"Less than $30,000",policy_specific_mean,64.769
Scientist community helpers,income,"Less than $30,000",behavior_mean,44.755
Scientist community helpers,income,"Less than $30,000",donation_ams,1.985
Scientist community helpers,income,"Less than $30,000",newsletter_signup,0.095
Social justice,income,"Less than $30,000",trust_multidimensional,65.665
Social justice,income,"Less than $30,000",trust_post,63.682
Social justice,income,"Less than $30,000",distrust_post,33.021
Social justice,income,"Less than $30,000",funding_perceptions,58.796
Social justice,income,"Less than $30,000",policy_role_mean,58.144
Social justice,income,"Less than $30,000",inst_trust_mean,55.616
Social justice,income,"Less than $30,000",belief_post,63.743
Social justice,income,"Less than $30,000",concern_mean,58.914
Social justice,income,"Less than $30,000",policy_general,64.903
Social justice,income,"Less than $30,000",policy_specific_mean,64.896
Social justice,income,"Less than $30,000",behavior_mean,44.813
Social justice,income,"Less than $30,000",donation_ams,1.982
Social justice,income,"Less than $30,000",newsletter_signup,0.095
control,party,Democrat,trust_multidimensional,74.71
control,party,Democrat,trust_post,75.42
control,party,Democrat,distrust_post,20.965
control,party,Democrat,funding_perceptions,70.117
control,party,Democrat,policy_role_mean,69.077
control,party,Democrat,inst_trust_mean,65.104
control,party,Democrat,belief_post,79.387
control,party,Democrat,concern_mean,72.336
control,party,Democrat,policy_general,78.36
control,party,Democrat,policy_specific_mean,75.812
control,party,Democrat,behavior_mean,53.458
control,party,Democrat,donation_ams,2.225
control,party,Democrat,newsletter_signup,0.117
Consensus,party,Democrat,trust_multidimensional,75.65
Consensus,party,Democrat,trust_post,76.537
Consensus,party,Democrat,distrust_post,20.171
Consensus,party,Democrat,funding_perceptions,70.681
Consensus,party,Democrat,policy_role_mean,69.687
Consensus,party,Democrat,inst_trust_mean,65.543
Consensus,party,Democrat,belief_post,80.578
Consensus,party,Democrat,concern_mean,72.845
Consensus,party,Democrat,policy_general,78.818
Consensus,party,Democrat,policy_specific_mean,76.136
Consensus,party,Democrat,behavior_mean,53.741
Consensus,party,Democrat,donation_ams,2.265
Consensus,party,Democrat,newsletter_signup,0.121
Corporate reliance,party,Democrat,trust_multidimensional,75.595
Corporate reliance,party,Democrat,trust_post,76.436
Corporate reliance,party,Democrat,distrust_post,20.228
Corporate reliance,party,Democrat,funding_perceptions,70.604
Corporate reliance,party,Democrat,policy_role_mean,69.657
Corporate reliance,party,Democrat,inst_trust_mean,65.478
Corporate reliance,party,Democrat,belief_post,79.766
Corporate reliance,party,Democrat,concern_mean,72.646
Corporate reliance,party,Democrat,policy_general,78.682
Corporate reliance,party,Democrat,policy_specific_mean,76.077
Corporate reliance,party,Democrat,behavior_mean,53.688
Corporate reliance,party,Democrat,donation_ams,2.262
Corporate reliance,party,Democrat,newsletter_signup,0.121
Extreme weather predictions,party,Democrat,trust_multidimensional,75.535
Extreme weather predictions,party,Democrat,trust_post,76.336
Extreme weather predictions,party,Democrat,distrust_post,20.306
Extreme weather predictions,party,Democrat,funding_perceptions,70.646
Extreme weather predictions,party,Democrat,policy_role_mean,69.66
Extreme weather predictions,party,Democrat,inst_trust_mean,65.576
Extreme weather predictions,party,Democrat,belief_post,79.756
Extreme weather predictions,party,Democrat,concern_mean,72.719
Extreme weather predictions,party,Democrat,policy_general,78.673
Extreme weather predictions,party,Democrat,policy_specific_mean,76.06
Extreme weather predictions,party,Democrat,behavior_mean,53.682
Extreme weather predictions,party,Democrat,donation_ams,2.259
Extreme weather predictions,party,Democrat,newsletter_signup,0.121
Former skeptics,party,Democrat,trust_multidimensional,75.654
Former skeptics,party,Democrat,trust_post,76.51
Former skeptics,party,Democrat,distrust_post,20.126
Former skeptics,party,Democrat,funding_perceptions,70.667
Former skeptics,party,Democrat,policy_role_mean,69.756
Former skeptics,party,Democrat,inst_trust_mean,65.543
Former skeptics,party,Democrat,belief_post,80.036
Former skeptics,party,Democrat,concern_mean,72.79
Former skeptics,party,Democrat,policy_general,78.779
Former skeptics,party,Democrat,policy_specific_mean,76.149
Former skeptics,party,Democrat,behavior_mean,53.731
Former skeptics,party,Democrat,donation_ams,2.269
Former skeptics,party,Democrat,newsletter_signup,0.121
Funding,party,Democrat,trust_multidimensional,75.472
Funding,party,Democrat,trust_post,76.272
Funding,party,Democrat,distrust_post,20.302
Funding,party,Democrat,funding_perceptions,70.985
Funding,party,Democrat,policy_role_mean,69.176
Funding,party,Democrat,inst_trust_mean,65.507
Funding,party,Democrat,belief_post,79.702
Funding,party,Democrat,concern_mean,72.593
Funding,party,Democrat,policy_general,78.626
Funding,party,Democrat,policy_specific_mean,76.007
Funding,party,Democrat,behavior_mean,53.649
Funding,party,Democrat,donation_ams,2.258
Funding,party,Democrat,newsletter_signup,0.12
High public trust,party,Democrat,trust_multidimensional,75.638
High public trust,party,Democrat,trust_post,76.623
High public trust,party,Democrat,distrust_post,20.129
High public trust,party,Democrat,funding_perceptions,70.59
High public trust,party,Democrat,policy_role_mean,69.577
High public trust,party,Democrat,inst_trust_mean,65.503
High public trust,party,Democrat,belief_post,79.765
High public trust,party,Democrat,concern_mean,72.629
High public trust,party,Democrat,policy_general,78.662
High public trust,party,Democrat,policy_specific_mean,76.037
High public trust,party,Democrat,behavior_mean,53.669
High public trust,party,Democrat,donation_ams,2.26
High public trust,party,Democrat,newsletter_signup,0.12
Interview Prof. Maraun,party,Democrat,trust_multidimensional,75.678
Interview Prof. Maraun,party,Democrat,trust_post,76.411
Interview Prof. Maraun,party,Democrat,distrust_post,20.225
Interview Prof. Maraun,party,Democrat,funding_perceptions,70.577
Interview Prof. Maraun,party,Democrat,policy_role_mean,69.649
Interview Prof. Maraun,party,Democrat,inst_trust_mean,65.502
Interview Prof. Maraun,party,Democrat,belief_post,79.762
Interview Prof. Maraun,party,Democrat,concern_mean,72.63
Interview Prof. Maraun,party,Democrat,policy_general,78.63
Interview Prof. Maraun,party,Democrat,policy_specific_mean,76.022
Interview Prof. Maraun,party,Democrat,behavior_mean,53.676
Interview Prof. Maraun,party,Democrat,donation_ams,2.26
Interview Prof. Maraun,party,Democrat,newsletter_signup,0.121
Interview Prof. Sebille,party,Democrat,trust_multidimensional,75.613
Interview Prof. Sebille,party,Democrat,trust_post,76.373
Interview Prof. Sebille,party,Democrat,distrust_post,20.274
Interview Prof. Sebille,party,Democrat,funding_perceptions,70.603
Interview Prof. Sebille,party,Democrat,policy_role_mean,69.664
Interview Prof. Sebille,party,Democrat,inst_trust_mean,65.465
Interview Prof. Sebille,party,Democrat,belief_post,79.826
Interview Prof. Sebille,party,Democrat,concern_mean,72.814
Interview Prof. Sebille,party,Democrat,policy_general,78.738
Interview Prof. Sebille,party,Democrat,policy_specific_mean,76.101
Interview Prof. Sebille,party,Democrat,behavior_mean,53.724
Interview Prof. Sebille,party,Democrat,donation_ams,2.264
Interview Prof. Sebille,party,Democrat,newsletter_signup,0.121
Measurement & modeling (1),party,Democrat,trust_multidimensional,75.501
Measurement & modeling (1),party,Democrat,trust_post,76.279
Measurement & modeling (1),party,Democrat,distrust_post,20.344
Measurement & modeling (1),party,Democrat,funding_perceptions,70.552
Measurement & modeling (1),party,Democrat,policy_role_mean,69.574
Measurement & modeling (1),party,Democrat,inst_trust_mean,65.465
Measurement & modeling (1),party,Democrat,belief_post,79.824
Measurement & modeling (1),party,Democrat,concern_mean,72.65
Measurement & modeling (1),party,Democrat,policy_general,78.635
Measurement & modeling (1),party,Democrat,policy_specific_mean,76.016
Measurement & modeling (1),party,Democrat,behavior_mean,53.66
Measurement & modeling (1),party,Democrat,donation_ams,2.26
Measurement & modeling (1),party,Democrat,newsletter_signup,0.12
Measurement & modeling (2),party,Democrat,trust_multidimensional,75.463
Measurement & modeling (2),party,Democrat,trust_post,76.222
Measurement & modeling (2),party,Democrat,distrust_post,20.383
Measurement & modeling (2),party,Democrat,funding_perceptions,70.543
Measurement & modeling (2),party,Democrat,policy_role_mean,69.575
Measurement & modeling (2),party,Democrat,inst_trust_mean,65.439
Measurement & modeling (2),party,Democrat,belief_post,79.73
Measurement & modeling (2),party,Democrat,concern_mean,72.589
Measurement & modeling (2),party,Democrat,policy_general,78.625
Measurement & modeling (2),party,Democrat,policy_specific_mean,76.02
Measurement & modeling (2),party,Democrat,behavior_mean,53.667
Measurement & modeling (2),party,Democrat,donation_ams,2.258
Measurement & modeling (2),party,Democrat,newsletter_signup,0.12
Model accuracy,party,Democrat,trust_multidimensional,75.572
Model accuracy,party,Democrat,trust_post,76.406
Model accuracy,party,Democrat,distrust_post,20.24
Model accuracy,party,Democrat,funding_perceptions,70.631
Model accuracy,party,Democrat,policy_role_mean,69.602
Model accuracy,party,Democrat,inst_trust_mean,65.481
Model accuracy,party,Democrat,belief_post,80.018
Model accuracy,party,Democrat,concern_mean,72.689
Model accuracy,party,Democrat,policy_general,78.699
Model accuracy,party,Democrat,policy_specific_mean,76.055
Model accuracy,party,Democrat,behavior_mean,53.685
Model accuracy,party,Democrat,donation_ams,2.262
Model accuracy,party,Democrat,newsletter_signup,0.121
Oil industry misinformation,party,Democrat,trust_multidimensional,75.648
Oil industry misinformation,party,Democrat,trust_post,76.496
Oil industry misinformation,party,Democrat,distrust_post,20.092
Oil industry misinformation,party,Democrat,funding_perceptions,70.743
Oil industry misinformation,party,Democrat,policy_role_mean,69.707
Oil industry misinformation,party,Democrat,inst_trust_mean,65.498
Oil industry misinformation,party,Democrat,belief_post,80.035
Oil industry misinformation,party,Democrat,concern_mean,72.858
Oil industry misinformation,party,Democrat,policy_general,78.827
Oil industry misinformation,party,Democrat,policy_specific_mean,76.173
Oil industry misinformation,party,Democrat,behavior_mean,53.757
Oil industry misinformation,party,Democrat,donation_ams,2.265
Oil industry misinformation,party,Democrat,newsletter_signup,0.121
Peer-review,party,Democrat,trust_multidimensional,75.562
Peer-review,party,Democrat,trust_post,76.374
Peer-review,party,Democrat,distrust_post,20.266
Peer-review,party,Democrat,funding_perceptions,70.569
Peer-review,party,Democrat,policy_role_mean,69.597
Peer-review,party,Democrat,inst_trust_mean,65.454
Peer-review,party,Democrat,belief_post,79.795
Peer-review,party,Democrat,concern_mean,72.629
Peer-review,party,Democrat,policy_general,78.664
Peer-review,party,Democrat,policy_specific_mean,76.045
Peer-review,party,Democrat,behavior_mean,53.652
Peer-review,party,Democrat,donation_ams,2.262
Peer-review,party,Democrat,newsletter_signup,0.121
Portrait Prof. Cherry,party,Democrat,trust_multidimensional,75.526
Portrait Prof. Cherry,party,Democrat,trust_post,76.284
Portrait Prof. Cherry,party,Democrat,distrust_post,20.327
Portrait Prof. Cherry,party,Democrat,funding_perceptions,70.541
Portrait Prof. Cherry,party,Democrat,policy_role_mean,69.679
Portrait Prof. Cherry,party,Democrat,inst_trust_mean,65.455
Portrait Prof. Cherry,party,Democrat,belief_post,79.712
Portrait Prof. Cherry,party,Democrat,concern_mean,72.637
Portrait Prof. Cherry,party,Democrat,policy_general,78.662
Portrait Prof. Cherry,party,Democrat,policy_specific_mean,76.071
Portrait Prof. Cherry,party,Democrat,behavior_mean,53.687
Portrait Prof. Cherry,party,Democrat,donation_ams,2.264
Portrait Prof. Cherry,party,Democrat,newsletter_signup,0.121
Scientist community helpers,party,Democrat,trust_multidimensional,75.796
Scientist community helpers,party,Democrat,trust_post,76.568
Scientist community helpers,party,Democrat,distrust_post,20.138
Scientist community helpers,party,Democrat,funding_perceptions,70.677
Scientist community helpers,party,Democrat,policy_role_mean,69.802
Scientist community helpers,party,Democrat,inst_trust_mean,65.542
Scientist community helpers,party,Democrat,belief_post,79.794
Scientist community helpers,party,Democrat,concern_mean,72.692
Scientist community helpers,party,Democrat,policy_general,78.715
Scientist community helpers,party,Democrat,policy_specific_mean,76.125
Scientist community helpers,party,Democrat,behavior_mean,53.729
Scientist community helpers,party,Democrat,donation_ams,2.265
Scientist community helpers,party,Democrat,newsletter_signup,0.121
Social justice,party,Democrat,trust_multidimensional,75.348
Social justice,party,Democrat,trust_post,76.166
Social justice,party,Democrat,distrust_post,20.397
Social justice,party,Democrat,funding_perceptions,70.686
Social justice,party,Democrat,policy_role_mean,69.732
Social justice,party,Democrat,inst_trust_mean,65.448
Social justice,party,Democrat,belief_post,79.783
Social justice,party,Democrat,concern_mean,72.841
Social justice,party,Democrat,policy_general,78.859
Social justice,party,Democrat,policy_specific_mean,76.214
Social justice,party,Democrat,behavior_mean,53.774
Social justice,party,Democrat,donation_ams,2.262
Social justice,party,Democrat,newsletter_signup,0.121
control,party,Independent,trust_multidimensional,64.438
control,party,Independent,trust_post,62.525
control,party,Independent,distrust_post,34.257
control,party,Independent,funding_perceptions,57.358
control,party,Independent,policy_role_mean,56.446
control,party,Independent,inst_trust_mean,54.478
control,party,Independent,belief_post,63.48
control,party,Independent,concern_mean,55.929
control,party,Independent,policy_general,63.899
control,party,Independent,policy_specific_mean,63.527
control,party,Independent,behavior_mean,42.166
control,party,Independent,donation_ams,1.872
control,party,Independent,newsletter_signup,0.094
Consensus,party,Independent,trust_multidimensional,65.966
Consensus,party,Independent,trust_post,64.339
Consensus,party,Independent,distrust_post,33.064
Consensus,party,Independent,funding_perceptions,58.179
Consensus,party,Independent,policy_role_mean,57.342
Consensus,party,Independent,inst_trust_mean,55.098
Consensus,party,Independent,belief_post,65.359
Consensus,party,Independent,concern_mean,56.718
Consensus,party,Independent,policy_general,64.6
Consensus,party,Independent,policy_specific_mean,64.006
Consensus,party,Independent,behavior_mean,42.546
Consensus,party,Independent,donation_ams,1.911
Consensus,party,Independent,newsletter_signup,0.098
Corporate reliance,party,Independent,trust_multidimensional,65.875
Corporate reliance,party,Independent,trust_post,64.176
Corporate reliance,party,Independent,distrust_post,33.149
Corporate reliance,party,Independent,funding_perceptions,58.066
Corporate reliance,party,Independent,policy_role_mean,57.298
Corporate reliance,party,Independent,inst_trust_mean,55.006
Corporate reliance,party,Independent,belief_post,64.077
Corporate reliance,party,Independent,concern_mean,56.409
Corporate reliance,party,Independent,policy_general,64.391
Corporate reliance,party,Independent,policy_specific_mean,63.919
Corporate reliance,party,Independent,behavior_mean,42.475
Corporate reliance,party,Independent,donation_ams,1.909
Corporate reliance,party,Independent,newsletter_signup,0.098
Extreme weather predictions,party,Independent,trust_multidimensional,65.779
Extreme weather predictions,party,Independent,trust_post,64.012
Extreme weather predictions,party,Independent,distrust_post,33.266
Extreme weather predictions,party,Independent,funding_perceptions,58.128
Extreme weather predictions,party,Independent,policy_role_mean,57.303
Extreme weather predictions,party,Independent,inst_trust_mean,55.145
Extreme weather predictions,party,Independent,belief_post,64.062
Extreme weather predictions,party,Independent,concern_mean,56.523
Extreme weather predictions,party,Independent,policy_general,64.378
Extreme weather predictions,party,Independent,policy_specific_mean,63.893
Extreme weather predictions,party,Independent,behavior_mean,42.466
Extreme weather predictions,party,Independent,donation_ams,1.906
Extreme weather predictions,party,Independent,newsletter_signup,0.098
Former skeptics,party,Independent,trust_multidimensional,65.971
Former skeptics,party,Independent,trust_post,64.296
Former skeptics,party,Independent,distrust_post,32.996
Former skeptics,party,Independent,funding_perceptions,58.158
Former skeptics,party,Independent,policy_role_mean,57.443
Former skeptics,party,Independent,inst_trust_mean,55.098
Former skeptics,party,Independent,belief_post,64.503
Former skeptics,party,Independent,concern_mean,56.633
Former skeptics,party,Independent,policy_general,64.541
Former skeptics,party,Independent,policy_specific_mean,64.025
Former skeptics,party,Independent,behavior_mean,42.532
Former skeptics,party,Independent,donation_ams,1.916
Former skeptics,party,Independent,newsletter_signup,0.098
Funding,party,Independent,trust_multidimensional,65.677
Funding,party,Independent,trust_post,63.908
Funding,party,Independent,distrust_post,33.26
Funding,party,Independent,funding_perceptions,58.621
Funding,party,Independent,policy_role_mean,56.591
Funding,party,Independent,inst_trust_mean,55.047
Funding,party,Independent,belief_post,63.977
Funding,party,Independent,concern_mean,56.328
Funding,party,Independent,policy_general,64.307
Funding,party,Independent,policy_specific_mean,63.814
Funding,party,Independent,behavior_mean,42.422
Funding,party,Independent,donation_ams,1.905
Funding,party,Independent,newsletter_signup,0.098
High public trust,party,Independent,trust_multidimensional,65.946
High public trust,party,Independent,trust_post,64.479
High public trust,party,Independent,distrust_post,33.0
High public trust,party,Independent,funding_perceptions,58.047
High public trust,party,Independent,policy_role_mean,57.18
High public trust,party,Independent,inst_trust_mean,55.041
High public trust,party,Independent,belief_post,64.076
High public trust,party,Independent,concern_mean,56.383
High public trust,party,Independent,policy_general,64.361
High public trust,party,Independent,policy_specific_mean,63.859
High public trust,party,Independent,behavior_mean,42.449
High public trust,party,Independent,donation_ams,1.907
High public trust,party,Independent,newsletter_signup,0.098
Interview Prof. Maraun,party,Independent,trust_multidimensional,66.01
Interview Prof. Maraun,party,Independent,trust_post,64.134
Interview Prof. Maraun,party,Independent,distrust_post,33.145
Interview Prof. Maraun,party,Independent,funding_perceptions,58.028
Interview Prof. Maraun,party,Independent,policy_role_mean,57.286
Interview Prof. Maraun,party,Independent,inst_trust_mean,55.04
Interview Prof. Maraun,party,Independent,belief_post,64.072
Interview Prof. Maraun,party,Independent,concern_mean,56.386
Interview Prof. Maraun,party,Independent,policy_general,64.312
Interview Prof. Maraun,party,Independent,policy_specific_mean,63.838
Interview Prof. Maraun,party,Independent,behavior_mean,42.458
Interview Prof. Maraun,party,Independent,donation_ams,1.907
Interview Prof. Maraun,party,Independent,newsletter_signup,0.098
Interview Prof. Sebille,party,Independent,trust_multidimensional,65.905
Interview Prof. Sebille,party,Independent,trust_post,64.072
Interview Prof. Sebille,party,Independent,distrust_post,33.219
Interview Prof. Sebille,party,Independent,funding_perceptions,58.065
Interview Prof. Sebille,party,Independent,policy_role_mean,57.308
Interview Prof. Sebille,party,Independent,inst_trust_mean,54.987
Interview Prof. Sebille,party,Independent,belief_post,64.172
Interview Prof. Sebille,party,Independent,concern_mean,56.67
Interview Prof. Sebille,party,Independent,policy_general,64.479
Interview Prof. Sebille,party,Independent,policy_specific_mean,63.954
Interview Prof. Sebille,party,Independent,behavior_mean,42.522
Interview Prof. Sebille,party,Independent,donation_ams,1.911
Interview Prof. Sebille,party,Independent,newsletter_signup,0.098
Measurement & modeling (1),party,Independent,trust_multidimensional,65.723
Measurement & modeling (1),party,Independent,trust_post,63.92
Measurement & modeling (1),party,Independent,distrust_post,33.323
Measurement & modeling (1),party,Independent,funding_perceptions,57.991
Measurement & modeling (1),party,Independent,policy_role_mean,57.176
Measurement & modeling (1),party,Independent,inst_trust_mean,54.988
Measurement & modeling (1),party,Independent,belief_post,64.17
Measurement & modeling (1),party,Independent,concern_mean,56.416
Measurement & modeling (1),party,Independent,policy_general,64.321
Measurement & modeling (1),party,Independent,policy_specific_mean,63.828
Measurement & modeling (1),party,Independent,behavior_mean,42.437
Measurement & modeling (1),party,Independent,donation_ams,1.907
Measurement & modeling (1),party,Independent,newsletter_signup,0.098
Measurement & modeling (2),party,Independent,trust_multidimensional,65.661
Measurement & modeling (2),party,Independent,trust_post,63.828
Measurement & modeling (2),party,Independent,distrust_post,33.382
Measurement & modeling (2),party,Independent,funding_perceptions,57.978
Measurement & modeling (2),party,Independent,policy_role_mean,57.177
Measurement & modeling (2),party,Independent,inst_trust_mean,54.951
Measurement & modeling (2),party,Independent,belief_post,64.021
Measurement & modeling (2),party,Independent,concern_mean,56.322
Measurement & modeling (2),party,Independent,policy_general,64.306
Measurement & modeling (2),party,Independent,policy_specific_mean,63.834
Measurement & modeling (2),party,Independent,behavior_mean,42.447
Measurement & modeling (2),party,Independent,donation_ams,1.905
Measurement & modeling (2),party,Independent,newsletter_signup,0.098
Model accuracy,party,Independent,trust_multidimensional,65.837
Model accuracy,party,Independent,trust_post,64.126
Model accuracy,party,Independent,distrust_post,33.168
Model accuracy,party,Independent,funding_perceptions,58.106
Model accuracy,party,Independent,policy_role_mean,57.217
Model accuracy,party,Independent,inst_trust_mean,55.01
Model accuracy,party,Independent,belief_post,64.475
Model accuracy,party,Independent,concern_mean,56.477
Model accuracy,party,Independent,policy_general,64.418
Model accuracy,party,Independent,policy_specific_mean,63.886
Model accuracy,party,Independent,behavior_mean,42.47
Model accuracy,party,Independent,donation_ams,1.909
Model accuracy,party,Independent,newsletter_signup,0.098
Oil industry misinformation,party,Independent,trust_multidimensional,65.962
Oil industry misinformation,party,Independent,trust_post,64.272
Oil industry misinformation,party,Independent,distrust_post,32.945
Oil industry misinformation,party,Independent,funding_perceptions,58.268
Oil industry misinformation,party,Independent,policy_role_mean,57.371
Oil industry misinformation,party,Independent,inst_trust_mean,55.034
Oil industry misinformation,party,Independent,belief_post,64.502
Oil industry misinformation,party,Independent,concern_mean,56.738
Oil industry misinformation,party,Independent,policy_general,64.614
Oil industry misinformation,party,Independent,policy_specific_mean,64.061
Oil industry misinformation,party,Independent,behavior_mean,42.568
Oil industry misinformation,party,Independent,donation_ams,1.912
Oil industry misinformation,party,Independent,newsletter_signup,0.098
Peer-review,party,Independent,trust_multidimensional,65.823
Peer-review,party,Independent,trust_post,64.074
Peer-review,party,Independent,distrust_post,33.206
Peer-review,party,Independent,funding_perceptions,58.017
Peer-review,party,Independent,policy_role_mean,57.21
Peer-review,party,Independent,inst_trust_mean,54.972
Peer-review,party,Independent,belief_post,64.124
Peer-review,party,Independent,concern_mean,56.384
Peer-review,party,Independent,policy_general,64.365
Peer-review,party,Independent,policy_specific_mean,63.87
Peer-review,party,Independent,behavior_mean,42.426
Peer-review,party,Independent,donation_ams,1.909
Peer-review,party,Independent,newsletter_signup,0.098
Portrait Prof. Cherry,party,Independent,trust_multidimensional,65.763
Portrait Prof. Cherry,party,Independent,trust_post,63.928
Portrait Prof. Cherry,party,Independent,distrust_post,33.298
Portrait Prof. Cherry,party,Independent,funding_perceptions,57.975
Portrait Prof. Cherry,party,Independent,policy_role_mean,57.33
Portrait Prof. Cherry,party,Independent,inst_trust_mean,54.973
Portrait Prof. Cherry,party,Independent,belief_post,63.992
Portrait Prof. Cherry,party,Independent,concern_mean,56.396
Portrait Prof. Cherry,party,Independent,policy_general,64.361
Portrait Prof. Cherry,party,Independent,policy_specific_mean,63.909
Portrait Prof. Cherry,party,Independent,behavior_mean,42.473
Portrait Prof. Cherry,party,Independent,donation_ams,1.911
Portrait Prof. Cherry,party,Independent,newsletter_signup,0.098
Scientist community helpers,party,Independent,trust_multidimensional,66.202
Scientist community helpers,party,Independent,trust_post,64.39
Scientist community helpers,party,Independent,distrust_post,33.014
Scientist community helpers,party,Independent,funding_perceptions,58.173
Scientist community helpers,party,Independent,policy_role_mean,57.511
Scientist community helpers,party,Independent,inst_trust_mean,55.096
Scientist community helpers,party,Independent,belief_post,64.122
Scientist community helpers,party,Independent,concern_mean,56.48
Scientist community helpers,party,Independent,policy_general,64.443
Scientist community helpers,party,Independent,policy_specific_mean,63.989
Scientist community helpers,party,Independent,behavior_mean,42.53
Scientist community helpers,party,Independent,donation_ams,1.912
Scientist community helpers,party,Independent,newsletter_signup,0.098
Social justice,party,Independent,trust_multidimensional,65.474
Social justice,party,Independent,trust_post,63.736
Social justice,party,Independent,distrust_post,33.403
Social justice,party,Independent,funding_perceptions,58.186
Social justice,party,Independent,policy_role_mean,57.407
Social justice,party,Independent,inst_trust_mean,54.964
Social justice,party,Independent,belief_post,64.104
Social justice,party,Independent,concern_mean,56.711
Social justice,party,Independent,policy_general,64.664
Social justice,party,Independent,policy_specific_mean,64.121
Social justice,party,Independent,behavior_mean,42.59
Social justice,party,Independent,donation_ams,1.908
Social justice,party,Independent,newsletter_signup,0.098
control,party,Other,trust_multidimensional,62.727
control,party,Other,trust_post,59.391
control,party,Other,distrust_post,37.642
control,party,Other,funding_perceptions,55.383
control,party,Other,policy_role_mean,55.134
control,party,Other,inst_trust_mean,52.275
control,party,Other,belief_post,60.211
control,party,Other,concern_mean,54.558
control,party,Other,policy_general,61.322
control,party,Other,policy_specific_mean,61.806
control,party,Other,behavior_mean,42.457
control,party,Other,donation_ams,1.862
control,party,Other,newsletter_signup,0.104
Consensus,party,Other,trust_multidimensional,64.376
Consensus,party,Other,trust_post,61.349
Consensus,party,Other,distrust_post,36.362
Consensus,party,Other,funding_perceptions,56.244
Consensus,party,Other,policy_role_mean,56.062
Consensus,party,Other,inst_trust_mean,52.93
Consensus,party,Other,belief_post,62.213
Consensus,party,Other,concern_mean,55.37
Consensus,party,Other,policy_general,62.06
Consensus,party,Other,policy_specific_mean,62.311
Consensus,party,Other,behavior_mean,42.836
Consensus,party,Other,donation_ams,1.902
Consensus,party,Other,newsletter_signup,0.108
Corporate reliance,party,Other,trust_multidimensional,64.278
Corporate reliance,party,Other,trust_post,61.173
Corporate reliance,party,Other,distrust_post,36.453
Corporate reliance,party,Other,funding_perceptions,56.126
Corporate reliance,party,Other,policy_role_mean,56.018
Corporate reliance,party,Other,inst_trust_mean,52.834
Corporate reliance,party,Other,belief_post,60.847
Corporate reliance,party,Other,concern_mean,55.051
Corporate reliance,party,Other,policy_general,61.84
Corporate reliance,party,Other,policy_specific_mean,62.219
Corporate reliance,party,Other,behavior_mean,42.765
Corporate reliance,party,Other,donation_ams,1.899
Corporate reliance,party,Other,newsletter_signup,0.108
Extreme weather predictions,party,Other,trust_multidimensional,64.174
Extreme weather predictions,party,Other,trust_post,60.996
Extreme weather predictions,party,Other,distrust_post,36.579
Extreme weather predictions,party,Other,funding_perceptions,56.191
Extreme weather predictions,party,Other,policy_role_mean,56.022
Extreme weather predictions,party,Other,inst_trust_mean,52.98
Extreme weather predictions,party,Other,belief_post,60.831
Extreme weather predictions,party,Other,concern_mean,55.169
Extreme weather predictions,party,Other,policy_general,61.826
Extreme weather predictions,party,Other,policy_specific_mean,62.192
Extreme weather predictions,party,Other,behavior_mean,42.756
Extreme weather predictions,party,Other,donation_ams,1.896
Extreme weather predictions,party,Other,newsletter_signup,0.108
Former skeptics,party,Other,trust_multidimensional,64.382
Former skeptics,party,Other,trust_post,61.303
Former skeptics,party,Other,distrust_post,36.289
Former skeptics,party,Other,funding_perceptions,56.222
Former skeptics,party,Other,policy_role_mean,56.167
Former skeptics,party,Other,inst_trust_mean,52.931
Former skeptics,party,Other,belief_post,61.301
Former skeptics,party,Other,concern_mean,55.282
Former skeptics,party,Other,policy_general,61.998
Former skeptics,party,Other,policy_specific_mean,62.331
Former skeptics,party,Other,behavior_mean,42.823
Former skeptics,party,Other,donation_ams,1.906
Former skeptics,party,Other,newsletter_signup,0.108
Funding,party,Other,trust_multidimensional,64.064
Funding,party,Other,trust_post,60.884
Funding,party,Other,distrust_post,36.572
Funding,party,Other,funding_perceptions,56.708
Funding,party,Other,policy_role_mean,55.285
Funding,party,Other,inst_trust_mean,52.877
Funding,party,Other,belief_post,60.74
Funding,party,Other,concern_mean,54.968
Funding,party,Other,policy_general,61.752
Funding,party,Other,policy_specific_mean,62.109
Funding,party,Other,behavior_mean,42.712
Funding,party,Other,donation_ams,1.895
Funding,party,Other,newsletter_signup,0.108
High public trust,party,Other,trust_multidimensional,64.355
High public trust,party,Other,trust_post,61.5
High public trust,party,Other,distrust_post,36.293
High public trust,party,Other,funding_perceptions,56.106
High public trust,party,Other,policy_role_mean,55.895
High public trust,party,Other,inst_trust_mean,52.87
High public trust,party,Other,belief_post,60.846
High public trust,party,Other,concern_mean,55.025
High public trust,party,Other,policy_general,61.809
High public trust,party,Other,policy_specific_mean,62.156
High public trust,party,Other,behavior_mean,42.739
High public trust,party,Other,donation_ams,1.897
High public trust,party,Other,newsletter_signup,0.108
Interview Prof. Maraun,party,Other,trust_multidimensional,64.423
Interview Prof. Maraun,party,Other,trust_post,61.128
Interview Prof. Maraun,party,Other,distrust_post,36.449
Interview Prof. Maraun,party,Other,funding_perceptions,56.085
Interview Prof. Maraun,party,Other,policy_role_mean,56.005
Interview Prof. Maraun,party,Other,inst_trust_mean,52.869
Interview Prof. Maraun,party,Other,belief_post,60.841
Interview Prof. Maraun,party,Other,concern_mean,55.027
Interview Prof. Maraun,party,Other,policy_general,61.757
Interview Prof. Maraun,party,Other,policy_specific_mean,62.134
Interview Prof. Maraun,party,Other,behavior_mean,42.748
Interview Prof. Maraun,party,Other,donation_ams,1.897
Interview Prof. Maraun,party,Other,newsletter_signup,0.108
Interview Prof. Sebille,party,Other,trust_multidimensional,64.311
Interview Prof. Sebille,party,Other,trust_post,61.061
Interview Prof. Sebille,party,Other,distrust_post,36.528
Interview Prof. Sebille,party,Other,funding_perceptions,56.124
Interview Prof. Sebille,party,Other,policy_role_mean,56.028
Interview Prof. Sebille,party,Other,inst_trust_mean,52.813
Interview Prof. Sebille,party,Other,belief_post,60.948
Interview Prof. Sebille,party,Other,concern_mean,55.32
Interview Prof. Sebille,party,Other,policy_general,61.932
Interview Prof. Sebille,party,Other,policy_specific_mean,62.256
Interview Prof. Sebille,party,Other,behavior_mean,42.813
Interview Prof. Sebille,party,Other,donation_ams,1.901
Interview Prof. Sebille,party,Other,newsletter_signup,0.108
Measurement & modeling (1),party,Other,trust_multidimensional,64.114
Measurement & modeling (1),party,Other,trust_post,60.897
Measurement & modeling (1),party,Other,distrust_post,36.64
Measurement & modeling (1),party,Other,funding_perceptions,56.047
Measurement & modeling (1),party,Other,policy_role_mean,55.891
Measurement & modeling (1),party,Other,inst_trust_mean,52.814
Measurement & modeling (1),party,Other,belief_post,60.946
Measurement & modeling (1),party,Other,concern_mean,55.059
Measurement & modeling (1),party,Other,policy_general,61.766
Measurement & modeling (1),party,Other,policy_specific_mean,62.124
Measurement & modeling (1),party,Other,behavior_mean,42.727
Measurement & modeling (1),party,Other,donation_ams,1.897
Measurement & modeling (1),party,Other,newsletter_signup,0.108
Measurement & modeling (2),party,Other,trust_multidimensional,64.047
Measurement & modeling (2),party,Other,trust_post,60.798
Measurement & modeling (2),party,Other,distrust_post,36.703
Measurement & modeling (2),party,Other,funding_perceptions,56.034
Measurement & modeling (2),party,Other,policy_role_mean,55.892
Measurement & modeling (2),party,Other,inst_trust_mean,52.775
Measurement & modeling (2),party,Other,belief_post,60.787
Measurement & modeling (2),party,Other,concern_mean,54.962
Measurement & modeling (2),party,Other,policy_general,61.75
Measurement & modeling (2),party,Other,policy_specific_mean,62.13
Measurement & modeling (2),party,Other,behavior_mean,42.737
Measurement & modeling (2),party,Other,donation_ams,1.896
Measurement & modeling (2),party,Other,newsletter_signup,0.108
Model accuracy,party,Other,trust_multidimensional,64.238
Model accuracy,party,Other,trust_post,61.12
Model accuracy,party,Other,distrust_post,36.473
Model accuracy,party,Other,funding_perceptions,56.168
Model accuracy,party,Other,policy_role_mean,55.933
Model accuracy,party,Other,inst_trust_mean,52.838
Model accuracy,party,Other,belief_post,61.271
Model accuracy,party,Other,concern_mean,55.121
Model accuracy,party,Other,policy_general,61.868
Model accuracy,party,Other,policy_specific_mean,62.185
Model accuracy,party,Other,behavior_mean,42.76
Model accuracy,party,Other,donation_ams,1.899
Model accuracy,party,Other,newsletter_signup,0.108
Oil industry misinformation,party,Other,trust_multidimensional,64.372
Oil industry misinformation,party,Other,trust_post,61.277
Oil industry misinformation,party,Other,distrust_post,36.235
Oil industry misinformation,party,Other,funding_perceptions,56.338
Oil industry misinformation,party,Other,policy_role_mean,56.093
Oil industry misinformation,party,Other,inst_trust_mean,52.863
Oil industry misinformation,party,Other,belief_post,61.299
Oil industry misinformation,party,Other,concern_mean,55.39
Oil industry misinformation,party,Other,policy_general,62.074
Oil industry misinformation,party,Other,policy_specific_mean,62.368
Oil industry misinformation,party,Other,behavior_mean,42.858
Oil industry misinformation,party,Other,donation_ams,1.902
Oil industry misinformation,party,Other,newsletter_signup,0.108
Peer-review,party,Other,trust_multidimensional,64.221
Peer-review,party,Other,trust_post,61.063
Peer-review,party,Other,distrust_post,36.514
Peer-review,party,Other,funding_perceptions,56.074
Peer-review,party,Other,policy_role_mean,55.926
Peer-review,party,Other,inst_trust_mean,52.798
Peer-review,party,Other,belief_post,60.896
Peer-review,party,Other,concern_mean,55.026
Peer-review,party,Other,policy_general,61.812
Peer-review,party,Other,policy_specific_mean,62.168
Peer-review,party,Other,behavior_mean,42.717
Peer-review,party,Other,donation_ams,1.899
Peer-review,party,Other,newsletter_signup,0.108
Portrait Prof. Cherry,party,Other,trust_multidimensional,64.157
Portrait Prof. Cherry,party,Other,trust_post,60.906
Portrait Prof. Cherry,party,Other,distrust_post,36.612
Portrait Prof. Cherry,party,Other,funding_perceptions,56.03
Portrait Prof. Cherry,party,Other,policy_role_mean,56.05
Portrait Prof. Cherry,party,Other,inst_trust_mean,52.798
Portrait Prof. Cherry,party,Other,belief_post,60.756
Portrait Prof. Cherry,party,Other,concern_mean,55.038
Portrait Prof. Cherry,party,Other,policy_general,61.808
Portrait Prof. Cherry,party,Other,policy_specific_mean,62.209
Portrait Prof. Cherry,party,Other,behavior_mean,42.764
Portrait Prof. Cherry,party,Other,donation_ams,1.901
Portrait Prof. Cherry,party,Other,newsletter_signup,0.108
Scientist community helpers,party,Other,trust_multidimensional,64.631
Scientist community helpers,party,Other,trust_post,61.404
Scientist community helpers,party,Other,distrust_post,36.308
Scientist community helpers,party,Other,funding_perceptions,56.238
Scientist community helpers,party,Other,policy_role_mean,56.238
Scientist community helpers,party,Other,inst_trust_mean,52.929
Scientist community helpers,party,Other,belief_post,60.895
Scientist community helpers,party,Other,concern_mean,55.125
Scientist community helpers,party,Other,policy_general,61.894
Scientist community helpers,party,Other,policy_specific_mean,62.293
Scientist community helpers,party,Other,behavior_mean,42.82
Scientist community helpers,party,Other,donation_ams,1.902
Scientist community helpers,party,Other,newsletter_signup,0.108
Social justice,party,Other,trust_multidimensional,63.845
Social justice,party,Other,trust_post,60.698
Social justice,party,Other,distrust_post,36.726
Social justice,party,Other,funding_perceptions,56.252
Social justice,party,Other,policy_role_mean,56.13
Social justice,party,Other,inst_trust_mean,52.789
Social justice,party,Other,belief_post,60.876
Social justice,party,Other,concern_mean,55.363
Social justice,party,Other,policy_general,62.127
Social justice,party,Other,policy_specific_mean,62.431
Social justice,party,Other,behavior_mean,42.88
Social justice,party,Other,donation_ams,1.899
Social justice,party,Other,newsletter_signup,0.108
control,party,Republican,trust_multidimensional,55.108
control,party,Republican,trust_post,49.781
control,party,Republican,distrust_post,49.39
control,party,Republican,funding_perceptions,43.766
control,party,Republican,policy_role_mean,44.369
control,party,Republican,inst_trust_mean,45.646
control,party,Republican,belief_post,46.008
control,party,Republican,concern_mean,38.838
control,party,Republican,policy_general,46.787
control,party,Republican,policy_specific_mean,51.241
control,party,Republican,behavior_mean,33.373
control,party,Republican,donation_ams,1.669
control,party,Republican,newsletter_signup,0.085
Consensus,party,Republican,trust_multidimensional,57.163
Consensus,party,Republican,trust_post,52.22
Consensus,party,Republican,distrust_post,47.806
Consensus,party,Republican,funding_perceptions,44.856
Consensus,party,Republican,policy_role_mean,45.529
Consensus,party,Republican,inst_trust_mean,46.41
Consensus,party,Republican,belief_post,48.536
Consensus,party,Republican,concern_mean,39.897
Consensus,party,Republican,policy_general,47.731
Consensus,party,Republican,policy_specific_mean,51.862
Consensus,party,Republican,behavior_mean,33.833
Consensus,party,Republican,donation_ams,1.709
Consensus,party,Republican,newsletter_signup,0.088
Corporate reliance,party,Republican,trust_multidimensional,57.041
Corporate reliance,party,Republican,trust_post,52.001
Corporate reliance,party,Republican,distrust_post,47.919
Corporate reliance,party,Republican,funding_perceptions,44.706
Corporate reliance,party,Republican,policy_role_mean,45.473
Corporate reliance,party,Republican,inst_trust_mean,46.297
Corporate reliance,party,Republican,belief_post,46.812
Corporate reliance,party,Republican,concern_mean,39.482
Corporate reliance,party,Republican,policy_general,47.45
Corporate reliance,party,Republican,policy_specific_mean,51.749
Corporate reliance,party,Republican,behavior_mean,33.748
Corporate reliance,party,Republican,donation_ams,1.706
Corporate reliance,party,Republican,newsletter_signup,0.088
Extreme weather predictions,party,Republican,trust_multidimensional,56.912
Extreme weather predictions,party,Republican,trust_post,51.781
Extreme weather predictions,party,Republican,distrust_post,48.075
Extreme weather predictions,party,Republican,funding_perceptions,44.788
Extreme weather predictions,party,Republican,policy_role_mean,45.479
Extreme weather predictions,party,Republican,inst_trust_mean,46.468
Extreme weather predictions,party,Republican,belief_post,46.791
Extreme weather predictions,party,Republican,concern_mean,39.635
Extreme weather predictions,party,Republican,policy_general,47.432
Extreme weather predictions,party,Republican,policy_specific_mean,51.716
Extreme weather predictions,party,Republican,behavior_mean,33.736
Extreme weather predictions,party,Republican,donation_ams,1.703
Extreme weather predictions,party,Republican,newsletter_signup,0.088
Former skeptics,party,Republican,trust_multidimensional,57.171
Former skeptics,party,Republican,trust_post,52.163
Former skeptics,party,Republican,distrust_post,47.716
Former skeptics,party,Republican,funding_perceptions,44.828
Former skeptics,party,Republican,policy_role_mean,45.66
Former skeptics,party,Republican,inst_trust_mean,46.411
Former skeptics,party,Republican,belief_post,47.385
Former skeptics,party,Republican,concern_mean,39.783
Former skeptics,party,Republican,policy_general,47.652
Former skeptics,party,Republican,policy_specific_mean,51.888
Former skeptics,party,Republican,behavior_mean,33.817
Former skeptics,party,Republican,donation_ams,1.714
Former skeptics,party,Republican,newsletter_signup,0.088
Funding,party,Republican,trust_multidimensional,56.774
Funding,party,Republican,trust_post,51.641
Funding,party,Republican,distrust_post,48.067
Funding,party,Republican,funding_perceptions,45.442
Funding,party,Republican,policy_role_mean,44.558
Funding,party,Republican,inst_trust_mean,46.348
Funding,party,Republican,belief_post,46.677
Funding,party,Republican,concern_mean,39.373
Funding,party,Republican,policy_general,47.337
Funding,party,Republican,policy_specific_mean,51.614
Funding,party,Republican,behavior_mean,33.683
Funding,party,Republican,donation_ams,1.702
Funding,party,Republican,newsletter_signup,0.088
High public trust,party,Republican,trust_multidimensional,57.136
High public trust,party,Republican,trust_post,52.409
High public trust,party,Republican,distrust_post,47.721
High public trust,party,Republican,funding_perceptions,44.68
High public trust,party,Republican,policy_role_mean,45.32
High public trust,party,Republican,inst_trust_mean,46.34
High public trust,party,Republican,belief_post,46.81
High public trust,party,Republican,concern_mean,39.448
High public trust,party,Republican,policy_general,47.41
High public trust,party,Republican,policy_specific_mean,51.672
High public trust,party,Republican,behavior_mean,33.716
High public trust,party,Republican,donation_ams,1.704
High public trust,party,Republican,newsletter_signup,0.088
Interview Prof. Maraun,party,Republican,trust_multidimensional,57.222
Interview Prof. Maraun,party,Republican,trust_post,51.945
Interview Prof. Maraun,party,Republican,distrust_post,47.914
Interview Prof. Maraun,party,Republican,funding_perceptions,44.655
Interview Prof. Maraun,party,Republican,policy_role_mean,45.457
Interview Prof. Maraun,party,Republican,inst_trust_mean,46.339
Interview Prof. Maraun,party,Republican,belief_post,46.804
Interview Prof. Maraun,party,Republican,concern_mean,39.451
Interview Prof. Maraun,party,Republican,policy_general,47.343
Interview Prof. Maraun,party,Republican,policy_specific_mean,51.644
Interview Prof. Maraun,party,Republican,behavior_mean,33.727
Interview Prof. Maraun,party,Republican,donation_ams,1.704
Interview Prof. Maraun,party,Republican,newsletter_signup,0.088
Interview Prof. Sebille,party,Republican,trust_multidimensional,57.081
Interview Prof. Sebille,party,Republican,trust_post,51.862
Interview Prof. Sebille,party,Republican,distrust_post,48.012
Interview Prof. Sebille,party,Republican,funding_perceptions,44.704
Interview Prof. Sebille,party,Republican,policy_role_mean,45.486
Interview Prof. Sebille,party,Republican,inst_trust_mean,46.274
Interview Prof. Sebille,party,Republican,belief_post,46.939
Interview Prof. Sebille,party,Republican,concern_mean,39.832
Interview Prof. Sebille,party,Republican,policy_general,47.568
Interview Prof. Sebille,party,Republican,policy_specific_mean,51.795
Interview Prof. Sebille,party,Republican,behavior_mean,33.805
Interview Prof. Sebille,party,Republican,donation_ams,1.708
Interview Prof. Sebille,party,Republican,newsletter_signup,0.088
Measurement & modeling (1),party,Republican,trust_multidimensional,56.837
Measurement & modeling (1),party,Republican,trust_post,51.658
Measurement & modeling (1),party,Republican,distrust_post,48.151
Measurement & modeling (1),party,Republican,funding_perceptions,44.606
Measurement & modeling (1),party,Republican,policy_role_mean,45.316
Measurement & modeling (1),party,Republican,inst_trust_mean,46.275
Measurement & modeling (1),party,Republican,belief_post,46.936
Measurement & modeling (1),party,Republican,concern_mean,39.492
Measurement & modeling (1),party,Republican,policy_general,47.355
Measurement & modeling (1),party,Republican,policy_specific_mean,51.632
Measurement & modeling (1),party,Republican,behavior_mean,33.701
Measurement & modeling (1),party,Republican,donation_ams,1.704
Measurement & modeling (1),party,Republican,newsletter_signup,0.088
Measurement & modeling (2),party,Republican,trust_multidimensional,56.753
Measurement & modeling (2),party,Republican,trust_post,51.534
Measurement & modeling (2),party,Republican,distrust_post,48.228
Measurement & modeling (2),party,Republican,funding_perceptions,44.589
Measurement & modeling (2),party,Republican,policy_role_mean,45.316
Measurement & modeling (2),party,Republican,inst_trust_mean,46.229
Measurement & modeling (2),party,Republican,belief_post,46.735
Measurement & modeling (2),party,Republican,concern_mean,39.365
Measurement & modeling (2),party,Republican,policy_general,47.335
Measurement & modeling (2),party,Republican,policy_specific_mean,51.64
Measurement & modeling (2),party,Republican,behavior_mean,33.713
Measurement & modeling (2),party,Republican,donation_ams,1.703
Measurement & modeling (2),party,Republican,newsletter_signup,0.088
Model accuracy,party,Republican,trust_multidimensional,56.991
Model accuracy,party,Republican,trust_post,51.934
Model accuracy,party,Republican,distrust_post,47.944
Model accuracy,party,Republican,funding_perceptions,44.759
Model accuracy,party,Republican,policy_role_mean,45.368
Model accuracy,party,Republican,inst_trust_mean,46.303
Model accuracy,party,Republican,belief_post,47.347
Model accuracy,party,Republican,concern_mean,39.573
Model accuracy,party,Republican,policy_general,47.486
Model accuracy,party,Republican,policy_specific_mean,51.707
Model accuracy,party,Republican,behavior_mean,33.741
Model accuracy,party,Republican,donation_ams,1.706
Model accuracy,party,Republican,newsletter_signup,0.088
Oil industry misinformation,party,Republican,trust_multidimensional,57.158
Oil industry misinformation,party,Republican,trust_post,52.131
Oil industry misinformation,party,Republican,distrust_post,47.649
Oil industry misinformation,party,Republican,funding_perceptions,44.974
Oil industry misinformation,party,Republican,policy_role_mean,45.567
Oil industry misinformation,party,Republican,inst_trust_mean,46.331
Oil industry misinformation,party,Republican,belief_post,47.382
Oil industry misinformation,party,Republican,concern_mean,39.924
Oil industry misinformation,party,Republican,policy_general,47.75
Oil industry misinformation,party,Republican,policy_specific_mean,51.933
Oil industry misinformation,party,Republican,behavior_mean,33.86
Oil industry misinformation,party,Republican,donation_ams,1.71
Oil industry misinformation,party,Republican,newsletter_signup,0.088
Peer-review,party,Republican,trust_multidimensional,56.971
Peer-review,party,Republican,trust_post,51.864
Peer-review,party,Republican,distrust_post,47.994
Peer-review,party,Republican,funding_perceptions,44.64
Peer-review,party,Republican,policy_role_mean,45.359
Peer-review,party,Republican,inst_trust_mean,46.256
Peer-review,party,Republican,belief_post,46.874
Peer-review,party,Republican,concern_mean,39.448
Peer-review,party,Republican,policy_general,47.414
Peer-review,party,Republican,policy_specific_mean,51.687
Peer-review,party,Republican,behavior_mean,33.688
Peer-review,party,Republican,donation_ams,1.706
Peer-review,party,Republican,newsletter_signup,0.088
Portrait Prof. Cherry,party,Republican,trust_multidimensional,56.891
Portrait Prof. Cherry,party,Republican,trust_post,51.668
Portrait Prof. Cherry,party,Republican,distrust_post,48.116
Portrait Prof. Cherry,party,Republican,funding_perceptions,44.585
Portrait Prof. Cherry,party,Republican,policy_role_mean,45.514
Portrait Prof. Cherry,party,Republican,inst_trust_mean,46.256
Portrait Prof. Cherry,party,Republican,belief_post,46.697
Portrait Prof. Cherry,party,Republican,concern_mean,39.464
Portrait Prof. Cherry,party,Republican,policy_general,47.409
Portrait Prof. Cherry,party,Republican,policy_specific_mean,51.737
Portrait Prof. Cherry,party,Republican,behavior_mean,33.745
Portrait Prof. Cherry,party,Republican,donation_ams,1.708
Portrait Prof. Cherry,party,Republican,newsletter_signup,0.088
Scientist community helpers,party,Republican,trust_multidimensional,57.481
Scientist community helpers,party,Republican,trust_post,52.289
Scientist community helpers,party,Republican,distrust_post,47.739
Scientist community helpers,party,Republican,funding_perceptions,44.848
Scientist community helpers,party,Republican,policy_role_mean,45.749
Scientist community helpers,party,Republican,inst_trust_mean,46.409
Scientist community helpers,party,Republican,belief_post,46.872
Scientist community helpers,party,Republican,concern_mean,39.578
Scientist community helpers,party,Republican,policy_general,47.519
Scientist community helpers,party,Republican,policy_specific_mean,51.84
Scientist community helpers,party,Republican,behavior_mean,33.814
Scientist community helpers,party,Republican,donation_ams,1.709
Scientist community helpers,party,Republican,newsletter_signup,0.089
Social justice,party,Republican,trust_multidimensional,56.502
Social justice,party,Republican,trust_post,51.409
Social justice,party,Republican,distrust_post,48.257
Social justice,party,Republican,funding_perceptions,44.865
Social justice,party,Republican,policy_role_mean,45.615
Social justice,party,Republican,inst_trust_mean,46.245
Social justice,party,Republican,belief_post,46.848
Social justice,party,Republican,concern_mean,39.888
Social justice,party,Republican,policy_general,47.817
Social justice,party,Republican,policy_specific_mean,52.011
Social justice,party,Republican,behavior_mean,33.887
Social justice,party,Republican,donation_ams,1.706
Social justice,party,Republican,newsletter_signup,0.088
